text,target
"서울시립미술관의 추상화 전시가 주목받는 가운데, 지역 미술관들의 문화 콘텐츠 개발에 대한 관심이 높아지고 있다.",0
"강원도 스키장의 겨울철 개장 준비가 한창인데, 관광객들은 추운 날씨에도 불구하고 눈썰매를 즐기기 위해 몰려오고 있다.",0
최근 저가형 휴대폰 시장에서 헬로모바일이 청소년 대상 특별 할인 행사를 펼치면서 경쟁사들과의 가격 전쟁이 가속화되고 있다.,0
"5억 규모의 봄맞이 골프 대회가 서울 등지에서 개최되면서, 골프 산업의 활성화가 기대되고 있다.",0
서울의 풍경을 담은 문학작품 '서울문고 풍그'가 인수되어 라인서점과 교영풍양강도로 전시가 확대되고 있다.,0
"신비로운 치유의 감정 교회가 주목받던 시대가 끝나가고 있는 가운데, 새로운 종교적 경향이 주목받고 있다.",0
"북부 지방의 폭우 경보가 해제된 가운데, 시민들은 평온한 하루를 맞이할 수 있게 되었다.",0
고3 학생들의 수능 준비 기간 중 5주간의,0
프로농구 시즌 개막 후 상위권 팀들의 경쟁이 치열해지고 있음,1
야구계에서 주목받는 신인 선수들의 활약이 주목받고 있음,1
아시안게임에서 박항서가 이끄는 베트남 축구 대표팀이 좋은 성적을 거두고 있음,1
축구계에서는 첼시의 감독 교체 소식이 화제가 되고 있음,1
두산 베어스와 롯데 자이언츠 간의 치열한 경기가 주목받았음,1
프로농구에서 부상 선수 교체 소식이 잇따르고 있음,1
MLB 올스타전에 예우받은 선수들의 감동적인 순간이 연출됨,1
독립리그에서 프로야구 초보자들이 활약하며 주목 받고 있음,1
SK 와이번스의 헤인즈 선수가 1만점을 달성하며 팀의 주목 받음,1
성의주루로 7단을 달성한 야구 선수들에 대한 찬사가 쏟아짐,1
한국 정치의 혼란 속에서 안상회가 반 시회 공화국 핵소동 모의판 난,2
EBS와 대외고등학교 간 협력 강화 추진,3
아파트 관리비 사기 사건에 대한 수사 진행 중,3
세월호 희생자 추모 행사에 정부 관계자 참석,3
SW 교육 활성화를 위한 교사 연구회 모집,3
한주택 브랜드의 공작소 설립 확대 추진,3
중소기업의 규제 완화를 위한 자유특구 분과위원장 간담회 개최,3
"성터키 한국문화원, 8주년 기념 행사 진행",3
"대외고 학생 통학 중 5기사 확진, 29원수 발생",3
IT 기업들이 자체 AI 플랫폼 구축에 적극 나서,3
인공지능 기반 스마트 홈 기기 시장 점유율 상승 추세,3
"삼성, 갤럭시9에 쿼드카메라 탑재 후 세계 시장 점유율 상승",4
"10만 명이 넘는 한국 1Gbps 인터넷 가입자 수, 디지털화 추세 반영",4
"Google Wear의 이름 변경, Android 기반 스마트워치 시장 진출 확대",4
"천진우 연구팀, 67혜성 분리·융합 과정 연구 결과 발표",4
"갤럭시8 체험 존 방문객 160만 명 돌파, 삼성의 마케팅 성공",4
"갤81호 개통 전 5박 7일간 노숙 문제 발생, 통신사 대응 필요",4
"스마트폰 시장 정복, 삼성의 8번째 승리 기록",4
"게시판 넷진5 데이터 활용, 인공지능 기반의 스마트 서비스 개발 추진",4
"디지털 시대에 걸맞는 공공 인프라 구축, 정부의 노력 필요",4
"Android 기반 스마트워치의 성공, Google의 경쟁력 강화 기대",4
기업의 해외 투자에 대한 관심 증가 속보,5
KB증권의 농심 분석: 라면 부문의 실적 개선 전망,5
코아로직의 재정 건전성 회복 추진 속보,5
위기 상황에서의 의료비 절감 방안 모색,5
금융 시장의 새로운 상품 출시 속보,5
회사의 재정 위기 극복을 위한 법적 절차 종료 신청,5
6라지의 경제 활동 지속성 강화 노력,5
양피5에프의 대규모 플랜트 설비 납품 계약 소식,5
8시품코의 MD20 커콜 ATM 시설 운영 현황,5
NH투자의 1월 옵션 만기일 매도 거래 동향 분석,5
인공지능 기반의 스마트 홈 기기들이 시장 점유율을 높이는데 기여,6
한국 내 6대 도시의 전세계적인 인기가 높아지고 있음,0
서울 북부 7개 시군에 23시까지 한파주의보 발령,0
만화 미술관에서 31운동을 기념하는 특별 전시를 개최,0
내일 전국의 날씨는 가을철 특유의 비가 예상됨,0
교통 혼잡이 예상되는 5개 주요 도로에 주의보 발령,0
십시세 비니'라는 표현이 최근 SNS에서 인기를 끌고 있음,0
시인 수림의 문학작품 속 청춘의 감성을 재조명,0
장미의 이름' 시리즈가 새 캐릭터와 의상을 선보임,0
베스트셀러 '언어의 온도'가 출간 7개월 만에 1위에 오름,0
"KBO리그, 크리스마스 데이 특별 이벤트로 팬들의 관심 끌기",1
"KBL의 프존슨 쇼터, 팀 내 구완 뒤 새로운 도약 기대",1
"SK 와이번스의 최정, 아치 홈런왕 타이틀 방어를 향한 도전",1
"김종민 전 야구선수, 도로공사 감독으로의 전환 후 성공 기대",1
"한국 여자 축구 대표팀, 베테랑 선수들의 지속적인 기여",1
"야구장 내 전시관, 역사 속 7명의 전설을 기리기 위한 개장 기념",1
"KBO리그 명예의 전당, 바비 콕스 3인방 로스팅",1
"데이비스 클러치 플레이, 보스턴 4연전 저지의 주역",1
"KBO리그, 크리스마스 이벤트로 팬들과의 유대 강화 추진",1
"KBL 프존슨 쇼터, 팀 내 구완 후 새로운 시즌의 시작을 알리다",1
한-러 관계 강화를 위한 기업 간 협력 촉진 정책의 필요성,2
한국의 민주주의 정체성 강화를 위한 법안 제정 과정의 난제,2
사회 정의 실현을 위한 분배 문제 해결과 억압적 제도 개혁 필요성,2
북한 내 근로자 탈북 방지를 위한 중국의 보위부 역량 강화,2
한중일 3국이 비핵화 목표에 대한 공동 성명을 채택하는 중요성,2
한반도 안보 상황에 대한 미국 대통령의 예비 여론조사 유출,2
한반도 평화 과정에서 주연국인 미국의 역할 재정립 필요성,2
한반도 비핵화를 위한 국제사회의 지속적인 관심과 협력 필요성,2
한국 정부의 북한 대화 전략에 대한 국내외 평가와 반응,2
한반도 정세 변화에 따른 중국의 대응 전략의 변화 추세,2
관훈클럽의 새로운 이사로 이재우 임명에 대한 반응은 어떨까?,3
"인터넷 사업자 실패에 대한 역차별 문제를 해결하기 위한 실태 점검 착수, 정부의 대책 마련 기대감 상승",3
석촌동 고분군 발굴 조사의 결과가 발표될 예정인 설명회에 대한 관심 집중,3
안종범崔 경치 딩 마사지'의 단골손님 9명에 대한 명백한 오보에 대한 사과 요구,3
편픽 유료방 4점유율과 5 후 3년 전망에 대한 전문가들의 분석,3
탈북민을 위한 착한 봉사단이 연천에서 통일염원을 벽화로 사람린다,3
예도 예술가들의 봉사 활동을 촉구하는 캠페인 전개,3
김동연 부총리를 초청한 인협회 시방9의 토론회 개최 기념,3
폐암 투병 중인 개그우먼 김철민을 위한 자선 콘서트 개최 소식,3
LGU+의 인천공항 로밍 서비스가 7회 연속 1위를 차지한 만큼 사용자들의 만족도에 대한 평가 분석,3
삼성 갤럭시 폴드 시리즈의 새로운 모델 출시 기대감 상승,4
코로나19 이후 중소기업의 일자리 창출 속도가 가속화되고 있음에도 불구하고 대기업의 일자리 감소 추세가 지속되고 있다는 연구 결과가 발표되었습니다.,5
2분기 기준으로 삼물 업계의 순이익이 전년 동기 대비 38% 증가한 147억 원으로 나타났습니다.,5
국내 DM69 원모 스플리 시멘트 제조업체가 2패널 제조 공급 계약을 체결하여 생산량 확대에 나섰습니다.,5
그리스 정부가 10년 만에 처음으로 국고채를 발행하는 계획을 발표하였습니다.,5
"통화 위기 속에서도 PH를 줄이기 위한 조치가 취해지고 있는데, 20대 가구의 소비가 99% 감소한 반면 일상생활 필수품 구매에만 집중하고 있습니다.",5
"SK텔레콤이 프리미엄 휴대폰 임대 서비스를 제공하는 기간을 10일 이하로 단축하고, 하루 단위로 과금하는 방식으로 전환할 계획입니다.",5
"은행과 주택 개발사, 자동차 제조사 등이 협력하여 금융 상품을 개발하는 프로젝트에 착수하였습니다.",5
수원대학교에서 진행하던 독서회가,5
"미국, 시리아 북동부 병력 잔류 옵션 논의 중",6
"이집트, 이스라엘과의 군사적 협력을 인정",6
"미국, 2천만 달러 규모의 3차례 투자 유치 성공",6
"중국, 위안화 가치 하락으로 인한 금융시장 불안 증폭",6
한 개인이 5년 동안 25만 원씩 월급받는 계약 체결,6
"프랑스, 역사적 성소피아 대성당의 7세기 청결 작업 진행",6
"미국, IMP4 마스크 사용 의무화 반대 시위 확대",6
"미국, 부상 주대에서 8명 중 1명 사망",6
터키와 그리스 간의 오랜 갈등 해소 노력 추진,6
"그리스 총리, 터키의 성소피아 성당 방문으로 화해 기대 표명",6
중부 지방의 강수량이 평년의 2배에 달하는 폭우로 인해 8월 중순에 물폭탄이 예상됨.,0
화려한 철쭉 꽃이 만연한 호남 지역의 산정상에서 관광객들의 인기를 끌고 있다.,0
20073명의 시민들이 2풍 전체로 인한 피해를 입었다고 보고됨.,0
문화 예술계에서 시문인과 함께하는 '문학목소리 201' 행사가 국서진행되고 있다.,0
박물관에서는 31번째 운동 기념 벽화를 걸고 영화 '동주'를 무료로 상영 중이다.,0
"006번 재일자 콘트가 열렸고, 관객들은 즐거운 시간을 보냈다.",0
KT가 시즌제 멤버십을 도입하여 2배 더블할인 혜택을 제공한다.,0
"재즈와 디지털 아트, 설치 미술이 만난 '용맹 더 토핑' 전시가 열린다.",0
내일의 날씨는 가을을 알리는 비가 충청 남부에 시간당 30 이상 내릴 예정이다.,0
만화 박물관에서는 특별 전시를 마련해 시문인과 함께하는 문화 행사를 기념한다.,0
류현진의 FA 랭킹 하락에 대한 팀의 전략 변화가 필요한 시점,1
브리검의 안정된 성적이 한화전 4연패 탈출에 결정적 역할,1
이승우의 바르샤에서의 성장과 발전이 주목받는 가운데,1
프로축구의 격렬한 순위 경쟁 속에서 스플릿 탈출의 길 모색,1
"손흥민의 결정적인 역할로 토트넘, 맨유 제압",1
"배구 협회, 세계 한인 여성 협회와의 파트너십 강화",1
손흥민의 기록적인 득점 행보가 계속되고 있음,1
축구 경기 중 욕설 사건으로 인한 선수 출전 제한 논란,1
여자 축구 대표팀의 지속적인 성과를 지탱하는 베테랑 선수들,1
박기원 감독의 퇴장 후 팀 내부의 리더십 문제 해결 필요성,1
한미 방위비 분담 협정 비준 동의안 처리를 위한 국회 외통위 회의 열려,2
"북한의 김여정, 일본 총리 아베의 후임에 대한 발언으로 주목 받음",2
문 대통령의 독립운동 역사를 강조하며 북한과의 관계 개선 시도,2
"더민주당, 서영교 여파 도시위원장에 대한 심사 기준 강화 발표",2
"국립 발레단 강수진 단장, 맞춤형 교육 체계 구축 추진",2
홍준표 전 지사가 회견장에 나와 한미 방위비 분담 협정 지지 표명,2
북한의 경제 과시 행사 5월 당대회 앞두고 진행될 전망,2
북한에 대한 제재 강화 추진 중인 유럽연합(EU),2
북한의 2차 핵 실험 가능성에 대한 우려 증폭,2
한반도 사드 배치 여부에 대한 논의가 주변국들과의 관계에 미칠 영향 분석 중,2
"재난 복구에 IT 기술 활용, 동서양 간 협력 강화",3
독서 문화 확산을 위한 '수요낭독공감' 행사 개최 확대,3
"온라인 신고 제도 개선에 나서, 허위 신고 사례 감소",3
스마트 농업 기술 도입으로 수확량 증가 기대감 상승,3
신기술 기반의 시범 서비스가 사회 전반에 미치는 영향 분석,3
공공기관의 금감원 지정 제외로 인한 직원 감축 추진,3
소상공인 지원을 위한 '장님 키지' 서비스 확대,3
단식 중단 논란 속에서 청소년 식사 감찰 강화 추진,3
최저임금 인상 요구가 사회적 합의를 이끌어내는 계기가 됨,3
출판계의 발전을 위한 출판문화산업권장원장 후보 2명 선정,3
"한국 기업들, 우주 탐사 및 개발 분야에 집중",4
"SK텔레콤, 고객 맞춤형 네트워크 서비스 구축 추진",4
"네이버, 사용자 편의성을 높인 화면 분할 기능 도입",4
BBWF 2023에서 PKT 통신의 혁신적 기술 시연,4
바이오산업 원천기술 개발에 3천 700억 원 투자,4
무인 동력 발달을 위한 100억 원 투자 확대,4
"카카오, 해외 배송 서비스 카카오프렌즈스토어 론칭",4
화이트 그래핀 합성 기술 개발 성공,4
"삼성, 서울 첫 빅데이터 개발자 대회 개최",4
"IT 기업들, 자체 AI 플랫폼 구축에 힘쓰다",4
미분 주택 공급 증가로 인한 전국 주택 가격 하락 전망,5
ELS 거래소의 상장 안정성 지표가 상반기 대비 상승,5
2023년 내에 네이버뮤직 바이브 서비스 종료 예상,5
신용 금리 인하로 소비자 부채 감소 기대감 상승,5
"코스피 지수, 연속 하락세 지속",5
코스닥 시장의 진입 장벽 낮아지면서 투자 유치 확대,5
"삼성그룹의 성산 제일 합병, 시중의 관심 높아짐",5
"경기권 미용 시장의 급증, 공급 과잉 탓으로 분석",5
지방 미매물 매수에 대한 우려가 높아지고 있음,5
증시 기초 여건이 안정적이지만 위험 요소도 존재,5
탄도 미사일 발사에 대한 국제사회의 우려가 증폭되고 있다.,6
인생의 가치 재평가: 현대 사회의 물질주의에 대한 반성,0
"한국 농구, 아게 대농 38표팀의 8강 탈락 후 재정립의 길 모색 중",1
"남북 농경기대회, 방북 단 군용기 후일 4개국 방문을 예고",1
"문 대통령, 호주 총리와의 친선축구 1-1 무승부 후 우정의 끈 강화",1
"브리검 킴 전 사육사, 호비에서 성장한 사육의 길을 재개",1
"그이재성 전 사령탑, 1이근호에서 새로운 야구 꿈 키워나가",1
"SK 와이번스, 에이스 켈리의 부상과 선발 라인업 불안 속에 어려움 겪고",1
"마틴 우리카드 감독, 한국 리그 복귀 후 팬들의 호응에 감동",1
"UEFA, 파리 생제르맹의 FFP 위반 여부에 대한 조사가 본격화",1
"ED 재4의적, 잘못 인정 후 프로농구 행진에 적극 동참",1
"수호신 리베라, 사상 4승으로 MUB 명예의 입성에 한 발짝 더 나아감",1
"북한 내 정당 대회 개최 일정 발표, 5월 6일로 정해",2
"남북 관계 개선을 위한 철도 공동조사 시작, 내주 내주 결과 기대",2
김정은 위원장의 5대 보고 시점에 대한 논란 속속,2
대통령 관련 수사 기록을 헌재특검과 검찰에 제출 요청,2
"북한 인민당 집행위원회의, 어려운 시기 맞닥뜨리다",2
"서울시장 선거, 후보자들의 첫 유세 장소는 어디인가?",2
"북한 경제, 미국 제재로 인한 어려움 속에",2
"남북 정상회담 가능성, 정치적 분위기 변화에 따라 주목",2
"북한 내 부마항쟁 관련 단체, 명예 회복을 위한 노력 강화",2
"김정은 위원장의 대외 활동, 국제사회와의 관계 재평가 필요성 제기",2
"정부 규제 완화 추진, 중소기업에 긍정적 반응",3
디지털 일자리 부족 문제 해결을 위한 민간 채용률 상승 추진,3
관광 안전 강화를 위한 대학생 대상 안전 여행 슬로건 콘테스트 개최,3
지역 발전 계획 축소로 인한 예산 재배치 추진,3
학교 구강검진 결과를 스마트폰으로 신속히 확인할 수 있게 함,3
해외 취업 기회 확대를 위한 화상 면접 주간 행사 개최,3
중소기업과 협력체계 강화를 위한 규제자유특구 분과위원 간담회 개최,3
휴대전화 일일 사용 제한으로 인한 상가 업무 중단 반발 진정 조치 추진,3
"국가경영 전표창 수혜 기업들, 사회적 책임감 발휘 기대",3
디지털 미디어 시대에 발맞춘 YTN 사천원회 확대 추진,3
"2021년 도쿄 올림픽, 한국 선수단의 기대감 상승",4
"IT 기업들, 자체 인공지능 연구소 설립 추진",4
"한국 AI 기술, 산업 혁신의 핵심 역할 기대",4
"삼성 갤럭시9, 전 세계 100만 명 이상 체험 방문자 기록",4
"국내 AI 연구소, 신기술 개발을 위한 국제 협력 강화",4
"2021 바셀나 국제항공 우주 박람회, 갤럭시 스마트폰 주목 받음",4
"인공지능 기술 컨퍼런스, 미래 산업 전망에 초점 맞춤",4
연말부터 12시간 단위 무제한 데이터 요금제 도입 기대감 상승,4
"LG전자, 실속형 AI 기능 탑재한 스마트폰 시리즈 출시 기념 이벤트 개최",4
"한국 정부, AI 산업 육성을 위한 새로운 5년 계획 발표",4
"핀테크 기업들, 정부의 레그테크 참여에 적극 응답",5
"4대 금융기관, 금융 위기 대응을 위한 종합 검토 착수",5
"삼성증권, 1분기 영업이익 17억 감소로 전망 하향 조정",5
"전자 기업들, 다중 가용성 확보를 위한 방문 판매 확대 추진",5
"소비자 보호를 위한 당국 회의 제안, 9가지 방안 검토 중",5
경제 위기 속에서도 아프지 않은 사람들만 투자에 나서는 현상 관찰,5
"핀테크 위크 참여 기업 모집, 레그테크 산업 육성 목표",5
"은행들, 정기 인사 시 연구 개발 투자 확대 계획 발표",5
"모바일 결제 시점 확대, 간편 결제 시스템 개선 추진",5
"금융 기관들, 소비자 신용평가 기준 강화에 적극 동참",5
전 세계적으로 노딜 브렉시트 논란이 확산되며 경제에 불안 요인으로 작용,6
"미국 텍사스 주에서 열기구 추락 사고로 최소 16명 사망, 안전 규제 강화 요구",6
아시아 태평양 지역 내 RCEP 협상이 활발히 진행되나 TPP 대비 우려도 제기,6
"텍사스 주에서 발생한 열기구 추락 사고로 인한 사망자 증가, 사고 원인 조사 필요",6
홍콩 시민들의 대규모 시위로 임시 정부 수립 주장이 제기되며 정치적 긴장 고조,6
"러시아-벨라루스 연합군이 군사 훈련 중 집중포병 사용, 국제사회의 우려 증폭",6
프랑스 대통령이 노딜 브렉시트에 맞서 청와대와의 정상회담을 제안,6
"후쿠시마 원전 사고 후 수산물 무역 분쟁에서 패배한 일본, EU 내 WTO 개혁 주장 강화",6
"아베 총리, EU 내 WTO 개혁을 통한 글로벌 경제 질서 정비 촉구",6
러시아-벨라루스 연합군의 군사 훈련 강화에 따른 국제사회의 불,6
폭설로 인한 교통 마비가 전국적으로 발생하면서 출근길 동장군 현상 보도,0
류현진의 8이닝 이상 투구 활약이 KBO리그 전체에 긍정적인 영향을 미치고 있다.,1
포틀랜드 워싱턴의 NBA 서부 콘퍼런스 선두 지위 유지가 주목받고 있다.,1
프로농구에서 로건 없이도 삼성의 완파가 주목받고 있다.,1
KBO리그의 신임 사무총장인 장 신임의 취임 소식이 화제가 되고 있다.,1
KGC인삼공사의 이적생 트리오가 팀의 활약을 이끌고 있는 모습이 예상외로 인상적이다.,1
류만 감독이 KBO 대표팀에서 징계를 받은 후에도 팀을 이끌고 있다.,1
틀리프 선수의 귀화 허가가 KBO리그에 새로운 바람을 일으키고 있다.,1
SK LG의 프랭코프가 5승을 달성하며 팀의 반전을 이끌고 있다.,1
우리카드가 펠리페 영입 후 시즌을 준비하는 모습이 주목받고 있다.,1
글랜드 축구에서 케 극 선수의 활약이 러시아 진출 후 큰 성과를 거두고 있다.,1
북한의 헌재 특검 요청에 대한 대응이 국제사회에서 주목받고 있다.,2
2020년 총선에서 완성된 5+1 정당 연합의 문재인 대통령 지지율 상승이 예상된다.,2
권은희 의원의 박 대통령 저격 풍자 SNS 포스터 논란이 사회적 분열을 야기하고 있다.,2
"서울시장 선거에서 나박원순, 김문수, 안철수 등 주요 후보들의 첫 유세 현장 소식이 전해졌다.",2
외교부는 송민순 회고록 관련하여 대통령과 관련된 사안에 대해 언급할 만한 바 없다고 밝혔다.,2
하얏트 리자 여 전당 모로당의 6대 전당 경선이 예상보다 치열하게 전개되고 있다.,2
남북 정상회담 보고서에 대한 청취와 조명균의 기대가 결과를 뛰어넘는 것으로 나타났다.,2
올림픽 한반도 기념품에 북한의 응원단이 참여한 사실이 밝혀져 논란이 일고 있다.,2
북한의 김정은 지도자 연설에서 냄새 방출 가능성에 대한 언급이 국제사회에 주목을 받았다.,2
북중 관계 개선을,2
실종된 20대 여성 사건의 연관성에 대한 수사가 계속되고 있음,3
이화여대 클럽 '회에이'에서 아나운서 규원 사건의 충격,3
교대생들 대상 '하테크' 프로그램으로 IT 역량 강화 추진,3
야간 도로 사고로 인한 사망자 증가에 대한 우려 제기,3
서울 교외 지역에 설치된 8개의 BP(주유소)가 연료 공급 중단으로 인한 문제 발생,3
ZU 최대의 트밴드 '전 배 구 3'이 20주년 기념 콘서트 개최,3
골프 프랜차이즈 '존 스크린'이 시범 운영 매장 모집에 나서,3
독도를 방문하기 전 대학생들을 대상으로 독도 기념 촬영 행사 진행,3
EBS 대전에 방송 인재 양성을 위한 업무 협약 체결,3
"서목동 학원 62곳이 휴양지로 전환, 학생들의 여가 활동 확대 기대",3
"5올림픽, 스마트 기기 기술 발전의 세계 무대",4
SK바이오랜드의 줄기세포 치료제 사업 확대에 따른 주가 상승 추세,5
전 대통령 장례 행렬의 현장에서 보도하는 뉴스들,5
금감원의 '머니콘서트'가 개인 투자자들에게 미치는 영향 분석,5
NHN엔터테인먼트의 2분기 영업이익 증가에 따른 주가 전망,5
SK3그룹 주식의 동반 랠리와 재용 영의 영향 평가,5
토지 매각으로 자금 조달을 위한 LH광주전남본부의 전략,5
정치적 긴장감 속에서 철강기계 산업의 성장 동향 분석,5
가상화폐 시장의 규제 강화를 위한 '블랙리스트' 발표,5
투자자들의 관심을 끄는 코스피 2100선 상승 추세의 원인 탐구,5
직장인의 금융 자문 서비스 이용률 증가 추세와 그 배경 분석,5
영국 내각의 브렉시트 논의에 대한 반발로 인한 혼란이 심화되고 있다.,6
"말의 문화 유산 보존과 발전, 지역 사회에 미치는 영향 분석",0
"윤태호의 교양 만화 시리즈, 현대 사회의 지적 호기심 자극에 기여",0
"명말청년 작가들의 작품, 후대에 남긴 문학적 유산 평가",0
"오륙도 등대, 자연재해에 대비한 방어적 역할 강조",0
"서울시립미술관, 한묵의 추상화 전시로 예술 감상 문화 확산",0
"무라카미 하루키의 생일, 그의 작품과 인생에 대한 반성과 평가",0
"화천 마토 축제, 지역 경제에 기여하는 문화 행사 모델로 제시",0
"권익을 위한 연보 공모, 사회적 책임감과 참여 정신 강조",0
"고전 문학의 가치, 현대 사회에서 읽어야 할 필독서로 재조명",0
"디즈니 애니메이션의 명곡 메들리, 음악과 영화의 융합 예술 형성",0
"야구계의 젊은 세대, 기록 경쟁에 뜨거운 열정을 불태우다",1
"프로농구에서 MVP 수상자 수 증가, 경쟁심의 고조",1
"고졸 출신 신인 선수, 한 시즌 내 최다 홈런 달성 목표 설정",1
"임도헌의 선두주도, 내년 1월 정식 승부의 계기로 기대감 상승",1
"이대호의 연속 홈런 기록, 팀 내 역량 강화에 기여",1
"MLB 선수 담마저 한국 야구에 관심, 부상으로 인한 외야 줄부상 발생",1
"추신수, 시즌 중반기 타율 0.21로 야구계 주목 받음",1
"류현진과 추신수의 팀 재결합, 팬들의 기대 증폭",1
"손흥민, 월드컵 불참에 실망하지 않고 팀 동료들과 함께 노력",1
"류현진의 부상 예방 차원에서 조기 교체, 건강 관리에 신경 쓰는 모습 보여주다",1
내 정현 대마더민 경쟁 사태에 대한 국제사회의 관심 증가,2
국민의당 진통의 정당 내부 분열과 정치적 갈등 심화,2
朴령식 8산호 통한 창조경제 8의 실현 가능성에 대한 전문가들의 의견,2
북한의 장거리 미사일 발사 시설 확장 가능성에 대한 국제사회의 우려,2
서울시장 선거 첫 유세장소 선정 과정에서의 내·외부 정치적 압박,2
김재수 해임 건의안 제출에 따른 정당 내부 분열과 정치적 대립,2
북한 TV 스페셜 6회 방송 미리보기를 통한 김정은의 메시지 해석,2
미래 문체 환경론 등 46개 부처의 신설 및 개각 발표,2
대통령 검증 일련의 조치에 따른 고용 정책의 방향성 논의,2
국제사회와의 외교 노력 강화를 위한 RZ 통일 정책의 전개,2
공정위와 금감원의 사칭 사건에 대한 조사 결과 발표 연기,3
대구경북 지역 고용유지 지원금 신청량 급증에 따른 현장 대응 필요성,3
LG유플러스의 2018년 지속가능경영 보고서가 공개된 후 기업 이미지 개선에 긍정적 반응,3
항우연의 과학자상 수상으로 인한 산업 발전 기대감 상승,3
대외고 학생 5명 코로나19 확진으로 학교 내 방역 강화 필요성 대두,3
19대 위기 극복을 위한 GR 대타협의 필요성 제기,3
코로나19 대유행 기간 중 YK 수령 제도에 대한 국민들의 의견 분분,3
자선 콘서트를 통해 폐암 환자 지원에 사회적 관심 집중,3
안종범 마사지 사건에 대한 공공의 분노 지속,3
"대전경찰, 코로나19 방역 지침 위반자 신속 송치에 주력",3
소셜 미디어 플랫폼의 사용 시간 분석에 따른 콘텐츠 최적화 필요성 제기,4
LG 전자의 스마트 TV 라인업 강화 추진,4
게이밍 콘솔 시장 경쟁 심화에 따른 TV 앱 기반 게임 서비스 확대 전망,4
블록체인 기술을 활용한 새로운 비즈니스 모델 개발 속도 가속화 추세,4
스마트폰 제조사 중 한 곳인 삼성전자의 갤럭시 시리즈 인기 지속,4
고급 스마트 홈 기기 시장의 성장세 지속,4
양자 암호학 기술의 보안 강화 노력 속도 증대,4
스마트 홈 보안 시스템의 중요성 인식 증가에 따른 시장 확대 전망,4
웹툰 기반 게임의 인기에 힘입어 게임 정보 플랫폼의 발전 가속화,4
불법 스마트폰 유통에 대한 강력한 단속 조치 필요성 제기,4
국내 소득 불평등률 감소 추세 지속,5
그래픽 제품 산업의 생산성 향상 기대감 상승,5
경상남도 지역구 총선 예상 경쟁률 발표,5
국내 DM69 원자재 스플리터 제조업체와 계약 체결,5
전 세계에서 가장 많이 팔린 스마트폰 브랜드는?,5
한우 소고기 선물 세트가 옥션에서 인기,5
위기 시 재정 지원 조치로 인한 의료비 부담 완화 기대,5
그래픽 제조업의 경쟁력 강화 추진,5
"두산건설, 대규모 도로 및 주택 공사 수주 성공",5
"그리스, 10년 만에 처음으로 국고채 발행 계획 발표",5
세계 각국 정부의 대외 정책에 대한 부정적 발언이 국제적 악감정 고조에 기여,6
독도 영유권 주장에 대한 일본 각료들의 일관되지 않은 발언이 논란을 빚음,6
대사관 건물 주변 지역에 설치된 조기 경보 시스템이 테러 위협에 효과적으로 대응,6
난민 구조에 대한 이탈리아와 독일의 규정 위반으로 인한 논란이 심화,6
중화인민공화국에서 발생한 물 열차 탈선 사고로 인한 주택 파괴가 보고됨,6
이란의 탄도 미사일 개발이 국제 협상에 포함되지 않을 것임을 재확인,6
중국의 가상화폐 업자들이 전기 요금을 낮추기 위해 이란에 원정 채굴 요청,6
프랑스에서 문관 예산 대규모 감축 계획이 후퇴로 인한 재정 부담 증가로 수정됨,6
"5개국 연합의 9배당 분배 방침이 다시 검토 중이며, 1라의 MV 수량을 테5로 조정",6
한미 동맹의 관계 개선 노력이 상당한 진전을 이루고 있음에도 불구하고 남북 관계의 복원은 어려움,6
기후 변화로 인한 폭우 빈도 증가에 대한 우려가 높아지고 있다.,0
"손흥민, 축구계에 새로운 바람 불리다",1
북한의 평양 정상회담 휴식장소로의 이동 방식에 대한 논란이 제기되고 있다.,2
한국의 정치권에서 추미애 전 대표에 대한 무더기 전락 허위 조작 사건에 대한 검찰의 조사가 진행 중이다.,2
박대오 전 대통령의 BC 방송 발언에 대한 비판이 증폭되고 있다.,2
평화주의를 지향하는 당민들이 생존을 위해 민생당에 평화 지지를 촉구한다.,2
문재인 대통령의 9대 정권 중 변평스 발언이 화제가 되고 있다.,2
국정원장 병우의 직무 보장 여부와 국장 감찰 조사에 대한 속보가 전해진다.,2
북한의 평양 정상회담 휴식장소로의 이동 방식에 대한 남북 정상들의 대응이 주목받고 있다.,2
북한의 평양 반미 교양 프로그램이 각국 중계를 통해 관람할 수 있게 됐다.,2
한국의 주요 정당인 NC민당 내부의 성추문 사건에 대한 진상 규명이 요구되고 있다.,2
정치권에서 'AZ 출하'를 촉구하는 목소리가 높아지고 있다.,2
후쿠시마 원자력 사고의 은폐와 사기 논란에 대한 국제적 관심 증가,3
전국 대학 로금 인상 추세에 대한 사회적 갈등 심화,3
과장된 광고로 소비자 피해를 입은 소비자보호 단체의 강력한 비판,3
정부의 코로나19 방역 지침 위반에 대한 사회적 분노 증폭,3
불법 연소 사건에 대한 경찰의 신중한 대응과 강력한 단속 조치,3
탈북민 교육 프로그램의 취약 계층 지원에 대한 사회적 관심 증대,3
공정거래 위원회에 대한 불공정 경쟁 의혹에 대한 공식 조사 착수,3
재벌의 코로나19 극복 비용 부담 문제에 대한 사회적 논란 고조,3
국제 기구의 후쿠시마 사고 감시 강화에 따른 일본 내 정치적 압박 증대,3
대학 로금 인상에 따른 학생들의 경제적 부담 증가와 학업 부담 가중,3
무선 무전력 메모리 기술의 발전 가능성에 대한 연구진의 첫 성과 발표,4
인간 복제를 위한 줄기세포 기술에 대한 황우석의 미국 특허 획득 소식,4
KT의 배터리 절감 기술이 전국적으로 확대 적용되면서 전력 소비 감소 기대,4
"네이버의 '그린닷' 녹색 서비스가 점차 확대되고 있는 가운데, 환경 보호에 대한 사회적 관심 증가",4
애플의 새로운 스마트폰 'OLE 디스플레이'와 '지문인식' 기술 도입 소식,4
MWC1의 혁신적인 '지문인식 디스플레이' 기술이 선보인 '갤럭시 5030' 공개,4
애플의 스마트폰 시장 점유율 상승세 중단과 삼성의 가격 인상과 프리미엄 전략으로의 대응,4
스마트폰 내부 방사능 저감 기술 개발에 대한 연구진의 발표,4
내년 그래픽 코스피 전망에 대한 전문가들의 의견 모아보기,5
상상인 3분4 실적의 성장 추세가 주목받는 이유는?,5
LG6의 갤8 시장을 선도하는 영상 성과에 주목할 만한 이유는?,5
집단 대출 규제 강화를 주장하는 금융위의 입장과 그에 따른 가계 대출 관리 방안,5
신한과 미에셋의 대우 신고 배당 결정에 따른 주가 반응 분석,5
페인트 산업의 연결7분기 영업 실적이 주목받는 이유는?,5
역세권과 신반포역의 거래량 대조 분석을 통한 부동산 시장 동향 파악,5
전세보증금 반환 보증제 도입으로 전세계약 청구권 강화 추세,5
미안 강남 지역의 약물 경쟁률 33대 1에 대한 사회적 반응 분석,5
요내년 2월부터 주택연금 수령액 인하가 주택시장에 미칠 영향 예측,5
"홍콩 시민들의 민주주의 요구가 국제사회에 주목받는 가운데, 시민들의 시위가 계속되고 있음이 보도됨.",6
유엔 안전보장이사회는 리비아 내전의 국제적 확산 우려에 대해 긴급회의를 개최하였음.,6
아베 신조 일본 총리는 오키나와 주민들의 반발에 직면하면서 야유당의 공격에 맞서고 있음.,6
베네수엘라와 엘살바도르 간 외교적 갈등이 심화되고 있음.,6
중국의 해외 투자 안전도 평가가 하락함에 따라 국가 위기가 예견되고 있음.,6
미국의 불법 이민자 추방 정책이 중앙아메리카 이민자들 사이에서 꿈을 포기하게 만드는 결과를 초래하고 있음.,6
트럼프 행정부의 불법 이민자 전면 추방 주장이 미국 경제에 부정적 영향을 미칠 가능성이 제기되고 있음.,6
프랑스의 브렉시트 이후 경제 상황이 예상보다 나아지면서 부정적 영향이 줄어들고 있음.,6
한국 정부가 초등학교 3학년부터 훈육 부를 교육과정에 포함시키기로 결정함.,6
홍콩 시위로 인한 교통 혼란 속에서 1명이 차량과 충돌 사,6
"윤태호의 교양만화' 재출간, 지적 호기심 강화에 기여",0
조선 시대 문신 서유구의 '꼽은명당 233곳' 실체 밝혀짐,0
"화천 축제, 성리 폐13을 찾아 마토 2억 달러 판매효과",0
"유동훈 이제원, '기억속의 푼크툼' 사진전 개최",0
"호주 한인 극단 '하명', '이중언 지컬인' 관객 찬사 받음",0
"국립아트센터 볼 온 처축제 코믹콘, 0개막으로 인해 중단",0
"시원한 쪽배잔치', 여름철 시원함을 즐기는 방법 소개",0
"유동훈 이제원, '기억속의 푼크툼' 수심 사진전 개최",0
"화천 산천 어제, '즐거운 눈썰' 관광 명소로 떠오름",0
"신간 '미래를 어떻게 인가할 것인가', 결정의 매일 빵 속에 담겨",0
"KBO리그, 2군 선수들의 재활 지원 확대에 힘쓰나",1
"한국 야구 협회, 저소득 2군 선수들을 위한 무료 재활 프로그램 실시",1
"프로야구선수협회, 2군 선수들의 경쟁력 향상을 위한 노력 강화",1
"한국 농구, 아시안게임 2연패 도전 앞두고 이란과의 격돌 예상",1
"KBO리그, 4로 승부하는 감98의 전략적 활용 추진",1
"류현진, 베랑고수 마틴과 백금 출전 후 홈런 517개 달성",1
"한국 야구, 4세대 후배들에 대한 기대감 상승",1
"영일축구부회장, 제7회 안컵 선수단장 지원 확대",1
"KBO리그, 2군 선수들의 발전을 위한 제도적 지원 강화",1
"한국 야구계, 4로 승부전의 매력과 전략적 의미 탐구",1
정치적 변화 속에서 총리 직무 완수에 어려움 겪는 정부,2
부통령의 헌법 개정 서명 행사에 대한 관심 증대,2
정권 내부의 책임 총리 제안과 내각 단계적 개편 주장,2
국회 본회의에서 처리해야 할 7개 정청 추안 중 1건 통과 기대,2
문 대통령의 평양 정상회담 참석으로 북한 내 공항에 도착,2
국립발레단의 새로운 단장에 대한 공식 발표와 답변,2
대선 전망에 관한 전문가들의 의견 모아보기,2
이해찬 대표의 정당 지도자로의 취임과 축하 인사,2
문 대통령이 주한미군 사령관에게 경례를 받는 장면,2
김정은 북한 지도자가 중국 베이징의 경제 기술 개발 구 내 제약 회사 방문 중,2
한국의 IT 산업 발전을 위한 정부 정책의 변화에 주목,3
"한국 IT 기업들, AI 기반 솔루션 개발에 힘쓴다",4
"기업들, 데이터 센터 확장으로 컴퓨팅 파워 증대 추진",5
홍대 청소에 대한 사회적 관심 증가 속보,6
"헬로모바일, 청소년 고객을 위한 새로운 요금제 도입",0
"류현민, 올림픽 야구 대표팀에서 두 번째 투수로 선발",1
"프로배구 최익제 선수, 올스타전에서 주목받는 서브킹 종합 우승",1
"러시아 배구 대표팀 코치, UN 리더십 발휘하며 세계로 리머지얼",1
"NBA 선수들, 슛 방어보다는 농구화 개선에 집중",1
"류현민, 올림픽 야구 대표팀 두 번째 투수로 선정",1
"MLB 텍사스 레인저스, 타구 방어 전략에 변화 주어짐",1
"이승우 선수, 캐피탈에서의 역동적인 활약에 감탄",1
"MLB 뉴욕 양키스, 새로운 감독 GA 선임",1
"노경은 선수, 롯데와 박웅 선수 경쟁에서 기대감 상승",1
"베로나 클럽, 이승우 선수의 대표팀 승선 꿈 실현 가능성 높아짐",1
한국의 총독 이춘희가 새로운 일자리 정책을 발표했다.,2
박 대통령의 개별 회의에 참석하지 않은 야당 의원들이 늘어나고 있다.,2
중소기업을 위한 법안이 국회에서 심의 중에 있다.,2
박 대통령이 4일간 2관문에서 8개의 상업시설을 방문하며 국정 운영을 전개했다.,2
한국총의 위원들이 최저임금 인상에 반대하는 견해를 표명했다.,2
경원대학교 내의 한 대표가 만장일치로 1년간 파란만장 제안을 했다.,2
단군동 주변에서 1단지에 7개의 핵심 시설이 건설 중에 있다.,2
김정은의 제2 래대가 과학자 거리를 지시했다.,2
"한국당은 평창 올림픽 성공 개최를 위해 전력을 다하고 있지만, 색깔론에 대해 비판하고 있다.",2
가상 계좌 거래 중단의 영향: 금융 시장의 불안 증폭,3
KT의 인공지능 기술 활용이 확대되면서 개인 맞춤형 서비스가 강화되고 있다.,4
웨어러블 기술의 발전으로 새로운 형태의 퍼포먼스 예술이 탄생하고 있다.,4
한국의 경제 성장률이 전망치 상승에 가속화되고 있다.,4
LG전자의 스마트 홈 기기 라인업이 확대되면서 생활 편의성이 향상되고 있다.,4
삼성전자의 글로벌 스마트폰 시장 지배력이 지속되고 있다.,4
갤럭시노트8의 성공 출시로 스마트폰 시장의 활력이 회복되고 있다.,4
애플의 증강현실 기술 개발이 가속화되면서 새로운 디지털 경험을 선사할 전망이다.,4
폴더블 스마트폰의 등장으로 기존 스마트폰 시장의 패러다임이 변화하고 있다.,4
중국 시장에서의 갤럭시노트8 출시는 모바일 결제 시장 확대를 이끌 것으로 보인다.,4
인공지능과 증강현실 기술의 융합이 미래 디지털 생태계에 새로운 가능성을 제시하고 있다.,4
경제 활성화를 위한 원-달러 환율 하락 추세 지속,5
현대차의 대10그8 매출 상승에 따른 주가 상승 기대감,5
금융당국의 엄격한 규제 강화로 금융시장 안정성 확보,5
건설업계의 상징적 인물인 박창규 전 롯데건설 사장 별세 소식,5
두산밥캣의 맥스 컨트롤 쇄신 제품이 2019년 수상 경력 인정,5
"자동차 업계 리더인 현대모비스, 자본 대출 확대로 경영 강화",5
"롯데그룹의 글로벌 전략 재편, 해외 진출 경로 변화",5
연속 37개월 만에 최악의 수준으로 상승한 유가에 대한 우려,5
수도권 아파트 거래가격 연간 평균 3억3000만원 기록,5
"20년 만에 개최된 외인 투자 정비 협의회, 투자 환경 개선 방안 논의",5
중동 지역 내 정치적 갈등으로 인한 경제적 제재 확대 추세,6
EU 내부 갈등 속에서 공공부채 관리에 대한 논란이 심화되고 있음,6
미국 실업 수당 신청 건수의 소폭 상승에 따른 고용 시장 동향 분석,6
예멘 내 분쟁 지역에서의 인권 침해 사례에 대한 국제 사회의 반응,6
탈북자 지원 프로그램의 성과와 그에 따른 국내외 인식 개선 추진,6
중국의 해외 투자 활동에 대한 신뢰도 평가 지수 하락 추세,6
RCEP 체결의 경제적 효과와 TPP 대비 장단점 분석,6
국제사회가 인정한 인레스타의 공로를 기리는 행사 개최 추진,6
한 나라의 외교부 내부 통신 시스템 보안 취약점에 대한 우려 증폭,6
두 나라 간 외교적 갈등 속에서 상호 추방 조치가 이어지고 있음,6
"남해안의 아름다운 자연 경관, '코리아둘레길' 명소로 등극",0
말의 문화 유산 '해화나다44'가 인류무형문화유산으로 등재되다,0
여름철 시원한 축제 '쪽배축전'의 매력에 빠져들다,0
"사령산의 전설 '즐움필사'와 '3문지', 관광 명소로 떠오르다",0
연인들의 사랑을 담은 글쓰기 대회 '개전 연정연 글짓기' 개최,0
오존 농도 상승으로 서울 등 북부 지역에 대기오염주의보 발령,0
"주말 여행지로 떠나는 충청권, 포도밭과 아름다운 풍경 만끽",0
"벚꽃이 만개한 봄철, 달콤한 벚꽃 와인 즐기기",0
거창의 연극 축제 '거창제연극제'가 큰 인기를 끌다,0
"한파로 인한 폭설로 전국 교통 마비, 동장군 이전의 어려움 겪다",0
"다저스 팀, 포수 최환 영입에 성공",1
"류현진, 8이닝 이상 투구 세 번째 경기를 치른다",1
"추석 3연전 1무, 타율 2.7로 팀에 활력 불어넣음",1
"레이커스, KBO 리그 출신 르브론 제임스와 4년 계약 체결",1
"울산 현대, 이근호 영입 추진 중",1
"바르샤바드 팀, 한국 선수들 대거 영입",1
"스웨덴 여자축구, 인권 운동을 위한 유니폼 디자인 변경",1
코스타리카와 칠레와 평가전을 앞둔 9월 국내 경기 일정 발표,1
"KBO 리그, 9단타 역전승의 기적 연출",1
르브론 제임스가 KBO 리그 출신 최초로 NBA 팀 유니폼 입기,1
박 대통령의 발언으로 인한 정치적 파동이 계속되고 있다.,2
국기 문란 사고에 대한 법적 처벌 강화 요구가 증폭,3
"삼성, 갤럭시9 시리즈로 후면 쿼드카메라 기술 선도",4
"한국 경제의 분양 시장, 7개월 연속 소세를 기록",5
미국의 실업 청구 건수가 지난 주에 크게 상승했다는 보고가 나왔습니다. 이는 코로나19 팬데믹 이후 경제 회복의 속도가 더디다는 증거로 해석되고 있습니다.,6
러시아의 정상인 블라디미르 푸틴은 미국과의 정상회담 제안을 공식적으로 했다고 밝혔습니다. 이번 회담은 양국 간의 긴장 완화에 기여할 것으로 기대됩니다.,6
"미국은 러시아에 우주 공간에 미사일 요격 시스템을 배치하는 것을 촉구하면서, 러시아의 위협에 대해 강력히 대응할 준비가 되어 있다고 경고했습니다.",6
스페인의 탈냐반 지역에서 노란색 건설 장비들이 철거되고 있는 모습이 포착되었습니다. 이는 지역 주민들의 환경 우려에 부응하는 조치로 보입니다.,6
라엘 일 총리가 네 개 국가를 겨냥해 작전을 준비 중이라는 보도가 나왔습니다. 구체적인 대상과 목적은 아직 밝혀지지 않았습니다.,6
"정부는 싱가포르, 태국 등 6개국에 9일간의 여행 제한 조치를 요청했습니다. 이는 최근 홍수 피해로 인한 안전 문제 때문인 것으로 보입니다.",6
홍수 피해로 인해,6
호남권 산책로 인기 상승: 주말 휴식지로 활용,0
"코믹콘 행사, 0회 개막 후 한 달 만에 2회로 확대",0
"충북 지역 가마솥더위 지속, 주말도 무더위 예상",0
"내일 날씨: 전국 구름 많음, 아침 기온 12도 하강",0
"백두산 가을 풍경, 관광객들의 발길 끊이지 않음",0
"남원시, 춘학단장 모집 공고 발표",0
"윤태호의 교양만화, 현대 사회에 맞춘 새 시리즈 방영",0
"한국 인문학, 신간마르크와의 교류 강화 추진",0
"대전·충남 지역 대항구, 영하 20도 기록",0
"대규모 종합경기 '대전충남 대항', 203도 기록",0
"경찰, 스포츠 관련 부정 행위 브로커들에 대한 수사 강화",1
"한 시즌 내 최다 홈런 기록, 선수들의 경쟁 가열",1
"유럽 축구 연맹(UEFA), 파리 생제르맹의 재정 규제 위반 조사 시작",1
"경남FC 대표, 도청 스캔들에 대한 사과와 사표 제출 요구",1
"예비 아시안게임 대표팀 명단 발표, 오지환과 박해민 포함",1
"배구 로스터스, 저축구단과의 경기에서 큰 승리",1
"연속 9만96회 중복 기록, 탬5이 3년 연속 1위",1
"손흥민, A대표팀 소집 시점 미정으로 인한 불편함 표현",1
개막전에서 역대 최다 홈런 기록 세우는 선수의 활약,1
전광판에 '우승을 위해 온 것'이라며 팬들에게 호응하는 선수의 발언,1
"한국 대통령의 외교 노력, 주한 프랑스 대사와의 대화로 긍정적 전환 기대",2
"정치적 분열을 극복하기 위한 다당제 합의, 손학규의 신년사에서 제시된 희망의 메시지",2
"권은희의 朴대통령 저격 풍자 SNS 포스터 논란, 국민의당의 대응과 여론의 반응",2
미국 압박 속에서 지소미아 종료 여부에 대한 문 대통령의 고민 심화,2
"정치권 내부의 상권 침해 문제, 이정현의 골목 상권에 대한 지적과 정치권의 대응",2
"청와대 근처 장례 행렬 관리에 대한 국민의 목소리, 정부의 적극적인 개입 필요성 제기",2
"청원 플랫폼 중복 참여 논란, 카카오톡의 임시 중단 조치와 그에 따른 논란",2
9선관위 권고에 따른 靑 김기식 논쟁의 진전과 정당의 대응,2
비박 비대위 무산 여론에 대한 정부의 대응 방안 모색,2
"정당 간 협력의 필요성 강조, 다당제 체제의 미래에 대한 전망",2
개인정보 보호 강화에 따른 내년 개인위치정보사업 허가 5배 확대 추진,3
애플의 경쟁력 강화를 위한 새로운 전략 발표,4
정부의 고가주택 정책 변화가 주택 시장에 미치는 영향 분석,5
Yes24의 작가 전시회가 부산 문화 생태계에 미치는 긍정적 효과 탐구,5
구글의 앱 수수료 인하가 개발자 생태계에 미치는 파급효과 연구,5
SN 010 943의 가격 변동성이 주식 시장 불안 요인으로 작용하는가?,5
현대차의 MMT 투자가 전기차 산업 발전에 미치는 기대효과 검토,5
분양주식 시장의 안정성 확보를 위한 정부 정책의 필요성 논의,5
KB금융의 윤종규 회장의 주식 매입 행태에 대한 투자자 반응 분석,5
0월세계에서 인기 있는 0폰의 판매 동인과 시장 특성 탐구,5
주택공사 신용회사의 대출 기준 완화가 주택 시장에 미치는 영향 평가,5
유통업계의 골든위크 기간 매출 증가가 소비자 지출 패턴에 미치는 영향 분석,5
트럼프 행정부의 우크라이나 인권 문제 부인과 관련된 논란이 국제사회에 미치는 영향에 대해 분석한다.,6
김정은 리더십에 대한 미국 여성 언론의 부정적 인식과 그 원인을 탐구한다.,6
"IBM과 중국의 협력 논의가 내부 갈등을 야기하고 있는 사례를 들며, 중화권 기업의 글로벌 전략에 대해 논의한다.",6
중국 인터넷 스타들의 손가락 자해 행동에 대한 사회적 비난과 그에 따른 영향에 대해 보도한다.,6
아프가니스탄에서 미국의 급작스러운 철수 후 중국이 주도권을 잡은 상황을 분석한다.,6
이라엘의 야권 연대 구축 과정에서 발생한 갈등과 그에 따른 정치적 파급효과를 다룬다.,6
트럼프 행정부의 우크라이나 인권 문제 부인에 대한 국제사회의 반응을 종합하여 평가한다.,6
이란의 대통치 개혁안에 대한 정당들의 의견 분열과 그에 따른 정치적 상황 전개에 대해 보도한다.,6
트럼프 행정부의 행정명령이 야구 리그 OMLB에 미치는 영향에 대해 조사한다.,6
홍콩의 이공,6
저금리 혜택으로 인해 차량 판매량 상승세 지속될 전망,0
"현대문학계, 박상욱 시인 작품 '시 즈'의 주목받는 첫 출간 소식 전해져",0
"태풍 차바의 영향권에서 벗어난 경남, 강수량 급감",0
"내일 전국 날씨, 새해 첫날 아침 기온 영하 10도 기대",0
"경북 구미, 영천 등 9개 시군에 폭염주의보 발령",0
실종된 프랑어의 유전적 증오 유발 메커니즘 연구 진행 중,0
"강수량 75% 감소한 후, 일부 지역 소나기 소식",0
이음악회 아리랑' 공연 2주차 개최 계획 발표,0
"자연 보호 단체, 통제된 자작 숲에서 15일 입산 인제를 주장",0
태풍 차바의 여파로 숲 속 생태계에 미치는 영향 분석 중,0
"프랑스 축구 대표팀, 툴롱컵 1차전 패배 후 재정비 필요",1
"박항서 감독, 아시안게임에서 베트남의 역할 강조",1
"토마스, 삼성생명 국민은행 시리즈 마무리 후 팀 내부 평가 받는다",1
"한국 배구, 아시안게임 결승전에서 일본과의 격돌 기대감 상승",1
"류현진, 100번째 등판 후 부상 악화 우려 제기",1
"워커 맨시티, 최대 이적료를 제시한 선수 영입 추진",1
"최지만, 2경기 연속 안타로 타율 회복 기대감 상승",1
"디우프 선수, 한국 여자배구 1순위 인삼공사와의 경쟁 강조",1
"프로농구, 1조선 4팀 중 1팀에 1억 달러 넘는 투자 확정",1
"한국 스포츠, 아시안게임 후 성과 평가와 미래 전망 주목",1
한반도 상황 변화에 따른 NSC 상위급 회의 확대 전망,2
"대통령, 정상회담 후 대화의 길 열어줄 간담회 개최 의지 표명",2
"야당과 야권, 대화의 장 마련을 위한 합의 도출",2
"정부, 혁신적 관리 체계 구축을 위한 중소기업 지원 강화",2
"미국 방문 전 대통령, 핵 문제 해결 방안 모색에 집중",2
국제 유가와 곡물 가격 하락으로 인한 농업 비용 감소 전망,2
한반도 평화 프로세스 속에서 대북 대화의 지속성 강조,2
"야당, 정부의 견제권력 확보에 적극 협력 의지 표명",2
정상회담 후 북한 리더와의 면담 기회 모색 중,2
경제 회복을 위한 정부의 다각적 지원책 발표 기대감 상승,2
KBS 코로나 대응 영상 공모에 전국 시민들의 참여 속보 보도,3
한양언론인상 수상자 임철순과 이숙영의 자랑스러운 업적,3
SKT의 독거노인 케어 서비스가 GSMA에서 인정받아 선정,3
전남도의회 누리예산 추경 심의에 시민단체의 반대 목소리,3
오보 사건에 연루된 안종범崔 경치 딩 마사지 단골손님들에 대한 조처 논의,3
김상가 매장 화재 사건의 재발 방지를 위한 대책 마련,3
지역 언론의 역할 강조하는 남도 이버뉴스에 대한 사회적 관심 증대,3
경찰관 공채에서 신체 검사 3준 논란에 대한 정부 대응 주목,3
"천한방스 20, 한방 의료 체계의 미래 전망에 대한 토론",3
초등학생 형과 동생의 BD 사건에 대한 교사와 학부모의 반응 조사,3
5G 기술 도입으로 전 세계 가입자 수가 급증하는 SKT의 성과,4
미국 경제의 회복 추세가 지속되면서 코스피 지수가 상승세를 보이고 있다.,5
"노키아 브랜드의 부활을 꿈꾸며, 회사는 49유로에 헐값 매입된 스마트폰을 출시한다.",5
"수출 감소 폭이 전월 대비 줄어들었지만, 향후 예측이 어렵다.",5
애플의 음악 스트리밍 서비스인 '애플 뮤직'이 29월에 새로운 기능을 추가한다.,5
메가디자이와 같은 특징 주식들이 합병 소식에 급등하고 있다.,5
해양 운용 위기와 관련된 비용 인하가 합병을 통해 해결될 것으로 전망된다.,5
예술 애호가들을 위한 전시 '우리 가 사랑한 24인의 작가들'이 부산에서 열린다.,5
한화ZS리테일이 새로운 매장 시점을 발표한다.,5
내년에 코스피 지수가 상승할 것으로 그래픽 분석이 예측한다.,5
현대차가 자사 주식인 MMT에 300억원을 매수한다.,5
"한국 기업들, 해외 시장 확장 전략 강화 추진",6
CNUS 3차 이란 프로젝트의 장기적 영향 분석,6
"한국 자동차 산업, 글로벌 경쟁력 강화를 위한 노력",6
"미국과 북한 사이의 긴장 고조, 국제사회에 미치는 영향",6
슬로바키아 언론인 살해 사건의 정체불명의 배후 추적,6
"런던 시민들의 불만, 새로운 시장이 요구하는 변화",6
북한의 미사일 발사와 국제사회의 대응 전략 재검토,6
"한국의 반도체 산업, 글로벌 시장에서의 경쟁력 강화",6
"이란과의 군사적 갈등, 프랑스의 안보 정책에 미치는 영향",6
"국제사회의 안보와 안정, 지속적인 위협 요인 대응 방안 모색",6
한국 작가들의 작품이 국내외에서 높은 인기를 끌며 베스트셀러 리스트에 오르는 현상이 계속되고 있다.,0
"기후 변화에 따른 날씨 변화가 지속되면서, 전국적으로 추운 아침을 맞이할 전망이다.",0
KT는 신규 고객 유치와 기존 고객 유지 목적으로 시즌제 멤버십을 도입했다.,0
"유동훈이제원 작가의 사진전이 열리며, 그의 작품이 예술계에 큰 주목을 받고 있다.",0
최근 몇 주 동안 극장에서 상영된 '라이트 하프' 영화가 흥행하고 있다.,0
다양한 도서관들이 협력하여 책 빌링 서비스를 확대하고 있다.,0
푼크툼이라는 개념을 담은 작품들이 미술계에서 주목받고 있다.,0
작가 마광수의 신간 소설집이 곧 출간될 예정이다.,0
악기 기증을 통해 사회에 기여하는 은경의 활동이 칭찬받고 있다.,0
"인공지능 기반의 스마트 홈 기기들이 시장 점유율을 높이는 가운데, IT 기업들은 자체 AI 플랫폼 구축에 적극 나서고 있다.",0
KBO리그에서 한 팀의 투수 6명이 한 경기에 선발 출전,1
한 야구팀의 성적 부진에 따른 코치 교체 소식,1
두 야구팀 간의 징계 문제로 인한 긴급 회의 개최,1
한 투수의 7이닝 1실점으로 한 팀의 4연속 승리를 이끌어냄,1
야구 경기에서 한 팀의 선수가 역전승을 거두는 장면,1
한국 야구 대표팀이 국제대회 결승전에 진출,1
WK리그에서 한 팀이 16강전에서 무승부를 기록,1
스페인 축구 대표팀이 월드컵 본선 진출에 성공,1
농구 리그에서 한 팀이 9점 차로 대승을 거두며 4연속 우승 달성,1
한국 야구 대표팀이 아시안 게임에서 금메달을 획득,1
북한의 대외 관계 강화 노력 속에 김정은 위원장의 외신 취재 허용 정책 변화 분석,2
북한의 사드 배치에 대한 남한의 비판 강조,2
남북 관계 개선을 위한 남한의 노동 5법 제정 실패와 임시국회 소집 결정,2
"북한 TV의 중국과의 합작 영화 '평양에서의 약속' 방영, 남한 시청자들에 미치는 영향",2
북한의 고용 여건 개선을 위한 정부의 노력과 그 효과 분석,2
북한의 대외 활동 속에서 펭수의 직통령 방문과 UAR 참여의 의미 파악,2
남한 정부의 김정은 위원장에 대한 기억과 인식 제고 방안 모색,2
북한의 대외 관계 강화를 위한 외교 안보 업무 보고의 중요성,2
북한의 대외 활동 속에서 중국과의 관계 정비의 중요성 강조,2
남북 간의 군사적 긴장 완화 방안에 대한 남한의 전략적 대응 분석,2
"서울시, 공공보건 시설 확충에 힘쓰며 코로나19 대응 강화",3
"한국 기업들, 분산장부 기술 개발에 적극 나서",4
스마트폰 AI 비서가 여행 가이드북에 스며들며 새로운 시장을 개척,4
"구글, 퀴즈 앱 개발을 선진 3사와 함께 논의",4
"페이스북의 드론 아퀼라, 실제 비행 시험에서 성공적 발휘",4
"세 학 연수 모임 개최, 한국과 영연방 6개국 참여",4
"전자상거래, 스마트 기기 보급으로 CES에서 주목 받음",4
노트7 실비중 50만대 판매 후 후속 제품 전략 논의 중,4
론율주차 등무인동 개발에 100억 투자 확대 추진,4
"국내 ICT 산업 규모, 1조 2020억 달성 전망",4
"네이 데이센터, 선박용 ICT 솔루션 개발에 진출 확대",4
구독 서비스의 수수료 인하가 소비자 지출 증가에 기여,5
화학 산업의 확장에 따른 플랜트 설비 투자가 가속화,5
통신 요금 인하로 소비자 부담 완화 기대감 상승,5
연속된 주택 분양 증가로 부동산 시장에 압력이 가중,5
전월세 상한제 적용 시 고려해야 할 사항들 논의 중,5
주당 무상 증자 결정으로 주식 시장에 활력 불어넣을 전망,5
"총파업 임박한 가운데, 은행 노사 협상이 극단적 결론을 향해",5
건설업계의 리더인 정몽구가 자동차 부문으로 전환,5
국제 금융 규제 강화로 인해 CEO의 암호화폐 거래 제한,5
"대통령 공원의 1층 전망대가 새롭게 개장, 관광 활성화 기대",5
주중 생산성의 최고점은 화요일이라는 연구 결과가 나왔습니다.,6
한국 전통문화의 세계적 인기 상승에 따른 아리아라리 정선아리랑극의 해외 선보임 확대,0
7로 69의 의미를 탐구하는 문화적 현상에 대한 연구가 활발히 진행 중,0
고급 자동차 시장에서 벤츠의 SF XHEV 모델이 주목받는 이유 분석,0
충청 남부 지역에 내일 가을철 강한 비 소식에 주의 요망,0
5억 규모의 봄맞이 골프 대회가 전국 각지에서 개최될 예정,0
한파 경보가 2000년 이후 최장 기간 동안 유지된 서울의 겨울철 극한 기상 현상 분석,0
독립 선언문 5문을 점토로 쓴 용이 140년 만에 발견된 역사적 소식,0
국제 수묵 비엔날레가 9월에 첫 개최되는 큰 잔치 예고,0
한국의 문화적 상징 '간'에 대한 새로운 해석과 연구가 활발히 진행 중,0
전통 의상 '모쇼'의 현대적 재해석과 패션계에 미치는 영향 분석,0
한국 여자 축구 대표팀의 베테랑 선수들이 팀의 안정성에 기여,1
"배드민턴 대표팀의 새로운 감독 임도헌, 라바리니 감독과 짧은 만남 보냄",1
올스타 주니어 홈런 더비에서 신기록 세우는 괴력다정 게레로 주니어,1
"KBO리그에서 김지의 19타점, 5승으로 깜짝 5위로 상승",1
MLB에서 몸무게에 따른 부동산 지분 인센티브 제안,1
"서울 시티 리버, 34점으로 20년 만에 EPL에서의 패배를 겪음",1
"IT 기업들, 자체 AI 플랫폼 구축에 적극 나서",1
인공지능 기반 스마트 홈 기기 시장 점유율 상승,1
"배건우 부상으로 올스타 출전 무산, 노수광 대체 선발 확정",1
"이도고민2건설, 황연 감독의 지휘 아래 건설 추진",1
청와대 비서실장 교체 속보: 경제부처 관련 인사 변화 추진,2
"전대 간섭 논란 속 청와대, 정태호 비서실장의 역할 확대 모색",2
"김정은 위원장의 외신 취재 허용, 북한 내부 통화 활성화 전략의 일환",2
문 대통령의 국정 지지도 상승세 지속: 여론조사 결과 발표,2
여야 간 북한의 미사일 도발에 대한 강력한 제재 요구,2
"MC 김진표의 비밀 디스코드 그룹 해체, 정청의 사면 움직임",2
"대통령 기무사 재편 속보: 여야, 신속한 조치 촉구",2
"부산 지역, 정부 지원 확대에 따른 주택 가격 상승세 예상",2
"트럼프와 문 대통령의 G7 정상회담, 연말까지 마무리 기대",2
"평양 정상회담을 앞두고 문 대통령 부부, 삼지연 공항 출발",2
"김동연 부총리, 편인협회 토론회 참석으로 위기 대응 방안 모색",3
석촌동 고분군 발굴 조사에 대한 설명회 개최,3
저임금 인상 요구에 따른 사회적 분위기 변화 주목,3
세종병원 불 사고 원인 조사 결과 발표 기대,3
출판계의 부패 근절을 위한 새로운 정책 제안,3
호대 김6현미사일단위 임무 수행을 위한 단합 강화,3
"LG 전자, 6 예약 구매 시 혜택 제공으로 시장 점유율 확대",3
교사 3명에 대한 귀가 교육 재도입 논의,3
AI 기술 도입으로 업무 효율성 향상 기대감 상승,3
자동차 사고 과실 인정 기준 개정안 발표 후 의견 모아볼 시점,3
5G 기술 도입으로 모바일 시큐리티 기업들의 성장 가속화 전망,4
데이터 중심 스마트시티 구축을 위한 KT와 공공기관의 파트너십 강화,4
"AI 기반의 자율주행 기술 개발에 삼성 전자, 중소기업과 협력",4
전통적인 TV 시장이 변화: LG의 OLED TV 기술이 선도,4
IT 기업들의 지속가능성 투자: 환경 친화적 기술 개발 추진,4
"47년 만의 달 착륙 성공, 한국 기술의 발전에 대한 자부심 고조",4
"스마트 홈 시장이 성장하는 가운데, IT 기업들의 적극적인 진출 전망",4
5G 상용화로 인한 주거 부족 문제 해결에 기여할 기대감 상승,4
"KT와 연세대학교의 혁신 연구 플랫폼, 미래 기술 발전의 핵심 역할 기대",4
"인공지능 기반의 의료 기술 개발, 의료 서비스 혁신의 전망",4
부동산 시장 동향에 따른 연결7의 매출 상승 기대감,5
동아시아 지역 내 불법 와하비즘 확산에 대한 우려가 높아지고 있다.,6
"중국의 대형 기업들, 특히 퀄컴과 에릭슨이 반독점 규제 위반 조사에 휘말리고 있다.",6
필리핀에서는 불법 수출 문제로 인해 환경 오염이 심각해지고 있다.,6
"최근 OCE(오염 물질 배출 사건)으로 인해 48명이 희생되었으며, 이로 인한 환경 파괴가 지속되고 있다.",6
홍콩에서는 정부의 사실상 계엄령에 대한 저항이 꾸준히 이어지고 있다.,6
미국 대통령 키신저와 중국의 시진핑 간의 소통 강화가 오해와 갈등을 예방하는 데 중요하다는 주장이 나온다.,6
러시아와 중국이 원자로 건설에 2조원 규모의 계약을 체결했다.,6
소말리아의 수도 바이도바에서 차량 폭탄 테러로 최소 17명이 사망했다.,6
동아시아 국가들 간의 경제 협력 강화가 지역 안보와 발전에 필수적이라는 목소리가 높아지고 있다.,6
글로벌 기후 변화 대응에 있어 각국 정부의 적극적인 조치가 시급하다는 경고,6
문학계의 새로운 흐름: 젊은 작가들의 공모전 활성화,0
문화 예술의 장소로 변신하는 공공 기관들,0
유명 작가의 작품 기증으로 도서관의 소장품 확대,0
인기 소설가의 신작 발표로 독서 열풍 이어짐,0
수능 후 여름 휴가로 관람객 몰려드는 박물관,0
유명 시인의 생일 기념 행사로 문학의 가치 재조명,0
국제 시상식에서 한국 시인이 수상하며 글로벌 무대 확대,0
"30년간 글을 짓다, 가나의 시인적 여정",0
연애 소설의 작가로 등극한 연정연의 새로운 작품 발표,0
젊은 작가들의 연대기 소집으로 문학계 활성화 추진,0
"독일 축구단, 월드컵 후 신임 감독 선임에 대한 논의 속에 있다.",1
"NC 야구단의 왕웨이중 선수, 복귀 대신 새로운 도전을 선택한다.",1
미국과 한국의 농구 경기가 종전 후 13승 6패로 마무리되었다.,1
"프로 농구단 현대모비스, 외국선수 구입을 완료했다.",1
농구 역사상 가장 큰 영향력을 가진 선수는 마이클 조던으로 평가받는다.,1
롯데월드에서 열릴 예정이었던 광주 T&A 리그 경기가 취소되었다.,1
"벤투호 대표팀, 아시안컵 최종전 상대인 중국과 UAE에 도착했다.",1
전광인 우승을 향한 팬들의 열기가 한풀 꺾였다.,1
농구장에서 평균 65세의 실버 세대 도우미 10명이 활동 중이다.,1
"독일 축구단 신임 감독 후보자 중 한 명인 신재용 감독, 월드컵 후 내정에 대한 의견을 밝혔다.",1
남북 정상회담의 가능성에 대한 화해의 분위기 조성에 힘쓰고 있는 남선수들,2
김정은의 하노이 방문에 대한 의문이 제기되고 있다. 그가 7층과 6층 건물 사이를 어떻게 이동했는지에 대한 설명이 필요하다.,2
북한과 서방 국가 간의 과학 외교 활성화를 위한 백두산 연구 제안이 나왔다.,2
대구시장 선거에서 권영진 후보가 신명여중 앞에서 투표를 했다.,2
대통령의 집에 대한 의혹이 제기되면서 로벌WBF에 의한 은닉 문제가 논의되고 있다.,2
주한 프랑스 대사관에서 이해찬 대표와 파비앙 페논 간의 환담이 있었다.,2
지방선거를 앞두고 민주당의 광역단체장 후보자들에 대한 면접이 진행 중이다.,2
북한이 장거리 미사일 발사에 필요한 발사대를 스크린 설치 중이라는 보도가 있다.,2
문재인 대통령의 정당 내부에서의 힘을 한 번 더 모으기 위한 방안이 'RN변평스'로 논의 중이다.,2
국회 복귀를 주장하는 의회 한국 내의 민주당 당원들이 '적반하장'의 상황,2
고분군 발굴 조사에 대한 새로운 연구 방향 제시,3
미국에서 인간 복제 줄기세포 기술에 대한 특허 등록이 허용되면서 생명 윤리 논란의 불씨가 피할 수 없는 상황으로 다가선다.,4
네이버는 모바일 엔터테인먼트 플랫폼에서 인공지능 기반의 콘텐츠 추천 시스템을 도입함으로써 사용자 맞춤형 서비스를 강화하고 있다.,4
네이버의 녹색창 서비스가 지속적으로 그린닷으로 모든 서비스의 시작점을 전환하면서 친환경 기술의 적용을 확대하고 있다.,4
과학자들은 근육 조직 생성에 필수적인 열쇠를 발견함으로써 치료적 응용 가능성을 모색하고 있다.,4
"2018년 삼성의 폴더블 스마트폰이 출시된 이후, 애플의 아이폰 X 시리즈와의 경쟁에서 주목받을 전망이다.",4
SK텔레콤은 드론을 활용한 실시간 사고 대응 시스템을 구축해 재난 구조에 활용하고 있다.,4
국립과학연구원은 국가연구개발(NR&D) 예산 편성 연기와 2단계 도입을 발표했다.,4
이스트시큐리티가 한국인터넷진흥원(KISA)에 APT(악성정체성침해,4
"기업들, 정부에 적극 투자로 경제 활력 불어넣기",5
"소득 불균형 해소, 사회 안전망 강화의 필요성 대두",5
"부동산 시장 침체, 주택 매물 감소로 인한 가격 상승",5
통신사 협력으로 약정 요금 할인율 상향 조정,5
4차 산업혁명 시대에 부응하는 스마트 팩토리 확대 추진,5
외국인 투자자들의 코스피 주식 매도 속도가 가속화,5
SK 그룹 내 부실 사안 해결을 위한 대책 마련 중,5
대기업의 단기 자금 조달에 대한 경쟁 심화,5
유라시아-아시아 연합 회의에서 경제 협력 방안 논의,5
"기업의 사회적 책임 강조, 지속 가능한 경영 추진",5
미국 대선 후 탄핵 논란에 연루된 국무부 대변인 사임,6
일본의 후쿠시마 원전 재해로 인한 이재민 정착 문제가 심화,6
이란의 미사일 개발에 대한 국제사회의 입장이 굳어짐,6
콜롬비아 평화협정 3년 후 FARC 전 지도자의 무기 재집계,6
이탈리아와 미국 간의 외교적 시작을 알린 선박 사건,6
"미국 실업 청구 건수가 급증, 경제 불안 증폭",6
북한의 미사일 발사로 인한 일본의 비상 경보 발령,6
소말리아에서 미군 기지를 겨냥한 폭탄 테러 발생,6
아랍 세계 정상 회담에서 이란과 제9회 정상회담 개최,6
"세계 5개국이 주도하는 WU 동맹, 탈리바 4개국에 대한 압박 강화",6
전국적으로 비 오는 날씨에도 해변으로 모여드는 인파가 늘어나고 있다.,0
비가 그치기 전까지는 우산을 챙기시고 외출하는 것이 현명할 것 같다.,0
정동1928아트센터가 홍세섭부터 김환기까지 대표작들을 전시하는 개관전을 개최한다.,0
"어촌으로의 봄 여행이 인기를 끌고 있어, 체험 마을 20곳을 추천한다.",0
"김환기의 서예 작품을 감상하고 싶다면, 정동1928아트센터 방문이 좋을 것 같다.",0
뮤지컬 '타이타닉'의 제작발표회가 열린다.,0
동물의 생명권을 지키기 위한 무민의 채식 운동이 주목받고 있다.,0
충남의 명소인 '구 사이로'에 또 한 해가 추가되었다.,0
청년 예술인들이 연극을 통해 유쾌한 도전을 펼치고 있다.,0
"하늘에는 답한빛 하늘이 나타났고, 초미세먼지 농도가 5지급에 달하는 등 주 5일 20대 이상의 대기가 이어지고 있다.",0
KBO 리그의 겨울 미팅이 29-30일에 개최될 예정이다.,1
싼 사체의 몸값이 아센ZR에서 67M 달러에 거래됐다.,1
프로야구 LG 팀은 29일부터 일본에서 개수를 마무리할 훈련을 진행한다.,1
김희진 선수가 올림픽 본선에 진출하고 메달 획득을 목표로 한다.,1
김종민 감독이 이끄는 팀이 한 세트만 차이로 극적인 역전승을 거뒀다.,1
메츠의 신더드그가 범경기 수준의 강속구를 선보였다.,1
시리아가 아시안게임 내전 속에서도 16강에 진출하며 위기를 극복했다.,1
롯데가 트라우마를 극복하고 연패를 이어갔다.,1
손흥민 선수가 월드컵 출전 여부에 대해 말하자마자 비판에 맞섰다.,1
양키스의 벌랜더가 MLB ALCS에서 퇴장 후 회복의 기적을 이루었다.,1
북한의 국제사회 참여 확대에 대한 정부 대응 논의가 활발히 이루어지고 있다.,2
올림픽을 계기로 한반도 내 북한의 이미지 개선 노력이 지속되고 있다.,2
북한의 대외 교류 프로그램 확대가 관람객 수 증가로 이어지고 있다.,2
남북 간의 군사적 대치 상황이 여전히 긴장상태를 유지하고 있다.,2
한국당은 정부의 특별위원회 활동 기간 연장에 반발하고 있다.,2
안보 문제에 대한 정부의 대응이 대통령의 주요 정책 행보로 부상하고 있다.,2
"문중원 전 장관의 사망 이후, 정부는 상여 행진을 포함한 대책 마련에 나서야 한다는 지적이 제기되고 있다.",2
황교안과 나경원 의원의 패스트트랙 사건에 대해 경찰 출석 통보에 대한 입장 차이가 계속되고 있다.,2
한미방위 비분담금 협정의 비준 동의안이 국회 외통위에서 처리될 예정이다.,2
경제 개혁 법안 처리를 앞두고 대통령의 북핵 담화 회견이 강조되고 있다.,2
서울시 공무원의 부적절한 행동에 대한 사회적 분노가 고조되고 있다.,3
강릉의 관광 명소인 바다 부채길에서 근로자 휴가 지원 사업이 활발히 진행되고 있다.,3
대학생 봉사단이 지역 사회에 맞춤형 봉사 활동을 펼치며 사회공헌의 가치를 실천하고 있다.,3
중앙일보의 이유정 기자가 올해의 기자상을 수상하며 언론의 역할을 빛냈다.,3
항우연 발사체사업본부의 노력이 과학기자협회 올해의 과학자상을 받게 했다.,3
건설업계 부실에 대한 벌점 개정안이 회사의 사망 선고를 철회할 수 있도록 보완되어야 한다는 주장이 제기됐다.,3
청년 대학생 기자단이 EBS의 시판 제1 프로그램에 참여해 사회 문제 보도를 진행 중이다.,3
저임금 근로자들의 임금 인상 요구에 대해 사용자의 삭감안정을 통한 폐지가 지적되고 있다.,3
네차지6 인프라 구축 프로젝트가 8차례의 시범 서비스를 거쳐 점진적으로 확대되고 있다.,3
수원 류 자건 회장이 회사의 산 중턱에 자리한,3
스마트폰 제조사들이 AI 기술 도입을 가속화,4
KF바이러스 감염률 상승에 따른 경제적 영향 분석,5
기술 결함으로 인한 위성 발사체 폭발 사고가 국제 우주 안전에 미치는 영향 분석,6
"전국 날씨 예보: 6일째 연속 비 소식, 태풍 영향권 내륙 진입 전망",0
"국립과학관, 어린이날 맞아 특별 전시 '우리 과학 이야기' 개최",0
"소설가 0아지, 과학 소설 '계사 개론서' 출간 기념 강연 진행",0
"정선 아리랑, 세계인들에게 전통 문화의 아름다움을 선보임",0
"새해 첫날 아침 기온, 전국 대체로 영하 영속",0
"런던 심포니 오케스트라, 천상에서 들려주는 평화로운 삶의 음악",0
"대전·충남 지역, 동장군 대항전에서 영하 20도 기록",0
"러든 시민들의 화관제 전시회, 종화관 6대 전시 작품 인기를 끌어",0
"백신 발표 후 국권 LKJLR, 접종률 상승 기대감 나타남",0
"국립민속박물관, 역사적 유산 아카이브 전시로 문화유산 보존 강화",0
"프로농구 시즌 내내 성장한 두경민, MVP 후보로 주목받다",1
"류현진, 100번째 등판에서 부상 악화로 자진 퇴장",1
"LG 트윈스의 소사와 봉승, 4승과 2승으로 팀에 기여",1
"류현진, 첫 ML 올림픽 출전에서 2차례 선발투수로 나서",1
"아르헨티나 선수 파블로 파카오세, 도핑 의혹에 휩싸임",1
"OK 전자의 최상 저축은행, 프로배구에서 5위에서 1위로 급등",1
"추미애 전 대표, 13경기 연속 출루 기록에 마침표 찍음",1
"남원도구구장, 민커진이 주도하는 농구 8강전 열림",1
"프로야구, 우승을 위한 완벽한 계약 체결",1
"선수들의 끊임없는 노력, 스포츠 경쟁심장에서 탄생",1
내일 예정된 남북 정상회담의 최종 장소 결정이 임박했다는 소식입니다.,2
현재 총리 내각의 청와대 참모진 교체 요구가 제기되고 있습니다.,2
북한의 5월 당대회에서 경제과학자들 사이의 건설적인 토론이 활발히 이루어지고 있습니다.,2
더민주정의당은 난0WM천에서 연대합의를 맺었다고 밝혔습니다.,2
박 대통령은 TK 국회의원과 110분간 면담을 가졌으며 민심을 청취하기 위한 노력을 보였습니다.,2
김정은 지도자가 과학자들을 소집해 새로운 거리를 설계하라는 지시를 내렸습니다.,2
윤상현 당대표가 김무성 전 당수에게 사과를 받았습니다.,2
정개사개위 위원장이 자신의 지위를 유지하기 위한 권한 발동을 시도했습니다.,2
부마항쟁단체가 문 후보에게 항쟁의 명예를 세우라고 촉구했습니다.,2
최근 북한의 핵 실험과 미사일 발사는 국제사회에 큰 우려를 불러일으켰습니다.,2
AI 번역 기술의 신뢰성 문제로 인한 사회적 논란 확대,3
"KT, 올림픽 기간 중 네트워크 안정성 확보를 위한 대책 마련",3
올림픽 개최로 인한 지역 경제 활성화 기대감 상승,3
"대전시, 내년 예산 편성 과정에서 급등급 인상 추진",3
경찰의 날을 맞아 전국 각지에서 기념 행사 열려,3
"LGU, 8월 말까지 용산 사옥 전시관에서 특별 전시회 개최",3
"정부, 8명 대상 2차 QP 교육 강화 추진",3
"김학경 일보, 신임 편집국장 임명",3
무급 휴가 기간 3일 이상인 근로자에게 생계 지원 확대,3
사회적 거리두기 완화에 따른 소상공인 영업 환경 개선 기대,3
"전자UV동큐통신사, 5G 네트워크 상용화 전 예약판매 시작",4
"아퀼라 드론, 페이스북과 성사한 첫 실물 시험비행 성공",4
"삼성 갤럭시노트10, 70개국에서 23일 출시 후 130개국으로 확대",4
"LRU록체인 기술, 세기보험이 적극 도입해 보험료 편리성 제고",4
"네이버 TV, TV 캐스트 서비스로 모바일 시청의 새 단장",4
"2020년, AI 건강 관리가 주목받을 전망",4
"LGU 5G 상용화 준비, NSA 기교 장비 연동 검증 진행",4
"통신사, 갤럭시탭 사전 주문 시작...오늘부터 기다리던 순간",4
"손쉽게 대화하는 로봇, 네이챗봇 빌더가 등장",4
"한국 AI, 세계 대국에 밀려 중위권으로 전진 중",4
주거비 부담 증가로 인한 생활비 상승 압박이 사회 전반에 미치는 영향에 대해 분석한다.,5
자동차 부품 제조업체들이 전기차 시장의 성장에 맞춰 생산량을 늘리는 노력을 기울이고 있다.,5
대기업들의 실적이 예상보다 좋지 않아 주식 시장에 부정적 영향을 미치고 있다.,5
기업들이 자체적으로 주주에게 가치 제안을 하기 위해 분할 및 인수합병 전략을 적극적으로 모색하고 있다.,5
"온라인 쇼핑몰이 명품 시장에서 큰 성장을 이루고 있으며, 특히 한 온라인 플랫폼의 명품 매출이 크게 증가했다.",5
기술 기업들이 자체 AI 플랫폼 구축에 힘쓰고 있다.,5
유럽 내 노동자 간의 생산물 교환 협정을 강화하고 있다.,5
신형 갤럭시 스마트폰의 출시가 임박해 가운데 시장 전망에 주목이 집중되고 있다.,5
LG전자의 스마트폰 사업이 10분기 연속 적자를 기록하며 어려움을 겪고 있다.,5
스마트 홈 기기 시장의 성장세가 지속되면서 인공지능 기반의 제품들이 점유율을 높이고 있다.,5
지구 온난화 대응을 위한 개인의 역할 강조,6
공공 도서관에서 '책 7 빌기 3종시' 프로그램 확대 추진,0
"예술가 마광수, 유작소설집 출간 기념 전시 개최",0
부산에서 '예스24 우리가 사랑한 작가들 전시'가 열린다,0
"춘천 아트 밸리, 야간 공중 쇼로 관광 명소 확장",0
"사진작가 중만, 개인전 '난 거'를 사진미술관에서 전시",0
역사를 반복하는 사회에 대한 인식 고취 캠페인 실시,0
인기 소설 '아힘 프라이어' 4부작을 소개하는 이벤트 개최,0
신간 '의사의 거짓말'과 '가짜 건강철'에 대한 관심 증폭,0
"전국 날씨 예보: 구름 많음, 오전 최고 121도 한파 지속",0
여름 밤의 독서 축제 '스크린셀러 영화제' 확장 계획 발표,0
우리나라 농구계의 변화 속도 가속화,1
"현대캐피탈, 이승원 선수의 역량을 강조하며 승리를 거둠",1
"스페인 축구 대표팀, 11회 연속 월드컵 본선 진출에 자랑 포기하지 않음",1
"류현진과 베랑 포수 마틴, 출신지 공통점 발견",1
"불펜에서 대기하던 산체스, 힐만의 지배를 깨뜨림",1
"셰르저, 7이닝 무실점으로 류현진과 사이드 미팅 기대감 상승",1
일본과의 여자 농구 경기를 EA에서 취소,1
"박철우, 26점 폭발로 삼성화재 3위로 올랐음",1
"영상 속 류현진과 베랑 포수 마틴, 출신지 공통점 발견",1
"OK저축은행, 한국전력에 프로배구 승부 끝에 5위로 도약",1
정치적 공백을 메우기 위한 세종 국무회의의 빈자리 문제에 대한 논란이 계속되고 있다.,2
"북한의 핵 문제와 관련해 유엔 안전보장이사회 상임이사국 6개국(미국, 영국, 프랑스, 러시아, 중국, 독일)이 블랙리스트에 오른 3명의 북한 인사들을 제안했다.",2
통일부 장관이 출근 첫날에 남북 정상회담의 오찬 장소에 대한 논의를 시작했다.,2
남북 정상 회담에서 정상 오찬을 함께 할 인물 선정이 논의 중이다.,2
민주당의 전북 간담회에서 7명의 당 대표들이 후임 대표에 대한 논의를 진행했다.,2
박 대통령은 추석 이후 3당 대표들과의 협회 동의를 지킬 것을 약속했다.,2
"남북 선수단이 함께 경기를 치르는 것처럼, 남북 관계 개선을 위해 함께 노력하는 분위기가 조성되고 있다.",2
7번째 혁신을 이룬 한 시민단체가 75번째 밤을 맞이하며 새로운 활동을 시작했다.,2
MC당 내부의 이재명 징계 문제에 대한 논의가 잠정적으로 1단계로 나뉘어 진행되고 있다.,2
"교육부, 육공무직 인력 확충을 위한 새로운 정책 발표",3
삼성 갤럭시9의 후면 쿼드 카메라가 시장에 주목 받음,4
"중도금 대출 한도 인상에도 불구하고, 주식 시장에서의 첫 번째 투자 라운드가 성공적으로 마무리되었다.",5
"기술 기업들, 고성능 그래픽 카드 시장 점유율 확대에 힘쓰고 있다.",5
삼성전자의 주가 변동성에 따른 주식 시장의 불안정한 흐름이 지속되고 있다.,5
"CJ헬로비전과 SKB의 합병 무효 판결에 이어, LGU가 법적 대응을 강화하고 있다.",5
"역세종용 주식의 거래량이 감소하고 있으며, 반면 신반포역 주식의 거래량은 높아지고 있다.",5
"서울의 표준주택 공시 가격이 177,515억을 초과하여, 고가 주택 시장에 대한 관심이 집중되고 있다.",5
21월에 해제된 과식품 등 28만 주의 보호 조치가 해제되면서 시장에 공급될 예정이다.,5
더치카페의 IPO 후 주가가 상승세를 보이고 있다.,5
중부 지역의 부동산 불황에 따른 기업들의 주가 하락 현상이 지속되고 있다.,5
신상품 증권 발행에 따른 투자 증권의 채권 시장과 부동산 펀드 판매가 활,5
"미국 외교단, 호르무즈 해상 안전 보장 계획 발표",6
"미국 제안 거부에 이란, 호르무즈 해상 경고 강화",6
시진핑-키신저 회담 후 미국과 중국의 소통 강화 기대,6
러시아-중국 정상회담에서 시 주석 방북 협의 불발,6
"아랍권 정상회의, 이란에 다중 차별에 반대 결의 통과",6
"프랑스-이란, 핵무기 개발 금지에 동의하지 않음",6
이탈리아에서 전통 가치 옹호 시대착오적 반발 이어짐,6
한 사람이 2천만 원을 5년 동안 5등분으로 지출한 사례,6
"북핵, 무역, 투자 협력 등 상업적 의제 논의된 정상회담",6
"터키-러시아-시리아 연합군, 대규모 군사 작전 전개",6
공연 취소로 인한 문화계의 충격 파급효과,0
한파로 인한 교통 마비로 전국 시민들의 출근길 불편 증대,0
아힘 프라이어의 작품 전시가 다양한 장소에서 다채롭게 선보임,0
서울 내 39곳의 유적지가 지도에 새롭게 등재됨,0
디지털 예술과 재즈가 만나는 새로운 전시 'The Topping' 개최,0
"부산국제코미디페스티벌, 웃음으로 시민들에게 활력 불어넣음",0
역사의 반복성을 비판하는 예술작품 'The Topping' 선보임,0
날씨 예보의 신뢰도 조사 결과 발표,0
"예술의전당, 평일 상연 시간을 7시 30분으로 앞당김",0
문화유산 보존을 위한 연보 공모에 참여할 수 있는 기회 마련,0
"프로야구선수협, 2군 저연봉 선수의 재활 지원 확대 추진",1
FIFA 월드컵 러시아 대회 취소 결정에 대한 국제 축구계의 반응,1
"LL 스턴 잭 레인키, MWS 우승 후 8위로 순위 상승",1
"손흥민, 스카이스포츠 7위 랭킹 중 한국 선수 유일",1
"신태용 지휘, 아시아 월드컵 성공 가능성에 대한 의문 제기",1
"이강인, FK 노르웨이에서의 19점 득점 후 대표팀 스코틀랜드에 1-2 패배",1
"롯데 자이언츠, 연속 우승 이후 판정에 대한 불만 제기",1
"한국 남자 농구, 월드컵에서 승리 후 아시아 예선에서 중국 제압",1
"한국 남자 농구, 월드컵에서 승리 후 아시아 예선에서 중국에 2-0으로 제압",1
"KB스타즈, 서부리그 5경기 연속 우승 후 7위로 순위 상승",1
전국민의 의견을 수렴하기 위한 대국민 여론조사 실시 추진,2
정부와 여야 간의 대북전단 배포 논란 속에 표현의 자유와 주민안전의 균형 찾기 시급,2
내부 핵무장론에 대한 공론화 재개 필요성 제기,2
법인세 감면 대신 민주누리과정 예산 확보를 위한 노력 강화,2
대북전단 배포 후속 조치로 정부와 김정은 리더십에 대한 평가 상승 기대,2
정치적 다당제 합의 체제로 신년의 희망을 전하는 손학규의 발언,2
재정 부담 없이 국가 발전을 위한 2차 경제 구조조정 추진,2
대통령 기무사 재편을 지시한 문재인에 대한 여야의 적절 대응 요구,2
최저임금 인상 후 1년 만에 국민소득 증가 추세 지속될 전망,2
2020년의 경제 전망을 밝히는 정부의 신년 경제 보고서 발표,2
부산 사하구 내 코로나 확진자 발생으로 인한 학교 온라인 수업 확대 추진,3
양언론인상 수상자 중 '20자8로'로 불리는 V.C.의 성과 인정,3
관광객을 위한 반나절 부산 해안 트레킹 상품 개발 추진,3
"전북 교육청, 학생 운동선수 폭력 피해 사례 조사 기한을 8월 14일까지 연장",3
코로나19로 인한 등교 시의 어려움을 겪는 학생들에 대한 공감과 지원 필요,3
한국 학생들의 해외 유학 의욕이 감소하는 추세에 대한 우려,3
건설업 부실채권 문제 해결을 위한 과징금 개정안 제정 추진,3
국내 디지털 인프라 구축에 대한 국민 참여 의식 증진 필요,3
개인의 소비 습관 변화로 인한 '팅1' 경제 현상 관찰,3
"LG전자, 소상공인 대상의 가전제품 '키지' 출시로 시장 선도적 역할 수행",3
"국내 대기업들, 해외 리튬전지 배터리 생산 공장 투자 확대",4
"IT 기업들, 블록체인 기술 도입으로 위조 방지 필름 개발에 나서",4
"타조와 유사한 새 종들, 공룡 시대와의 유전적 연관성 연구 결과 발표",4
"스마트 홈 기기, 사용자의 일상 생활 패턴 학습을 통한 효율적 에너지 관리 기능 탑재",4
"KT텔레캅, 무선 장비 보안 강화 서비스로 사생활 침해 사례 감소 추진",4
"호텔 업계, 블록체인 기술 도입으로 예약 시스템의 투명성 제고 추진",4
"전자파 치료 의료기기, 장시간 사용 시 안전성 검토 필요성 제기",4
"해외 여행자들, 로밍 요금 인하를 위한 정부 지원 정책 발표",4
"국내 연구팀, 다공성 구조체 전극 기술로 리튬전지 배터리 용량 증대 성공",4
"AI 기반 의료 진단 시스템, 정확도 향상과 의료비 절감 기대감 상승",4
"한국 경제, 4분기 실적 전망 긍정적",5
"원달러 환율 안정화, 아시아 경제에 긍정적 영향",5
"서울반도체, 올해 실적 상승 기대감 상승",5
"농심 라면 사업, 4분기 실적 개선 전망",5
"한전, 2분기부터 실적 개선 전망 발표",5
"PH용 통신망, 20대에 99% 보급 목표",5
"무환율 체제, 방위산업 확대 전망",5
"2대차 7인승 JUV리세이, 6모델 출시로 3,400대 판매 시작",5
"지방 고개 부지, 출입 통제 강화 추진",5
"1테오닉, 독일 업체와 플라스틱 시스템 공급 기본 계약 체결",5
교황의 인권 발언에 대한 반응: 세계 각국에서 논란의 여지가 있는 이슈,6
미국의 이란 제재 강화: 석유 수출에 대한 영향과 국제 정치의 변화,6
터키의 이슬람 사원 개장: 역사적 의미와 관광 산업에 미치는 영향 분석,6
연쇄 살인 사건에 대한 사회적 반응: 공포와 안전에 대한 우려가 고조,6
푸틴-시 주석 정상회담 후: 북방 정세의 미래 전망과 동맹 관계의 변화,6
자베스 여의 정치적 중재 역할: 내부 갈등 해소와 국제 협상에 기여,6
러시아-미국 미사일 제재: 국제 안보와 군사력의 균형에 미치는 영향,6
이란의 탄도 미사일 개발: 국제사회의 제재와 협상 가능성에 대한 논의,6
미국 대선 전 감시 강화: 선거 공정성 보장과 안보 이슈 관리,6
인권과 자유를 위한 세계적 연대: 교황의 발언과 국제 사회의 공감대 형성,6
열대 지역의 생태계 변화에 대한 우려가 커지고 있다.,0
프로야구 시즌 중인 추수기에 타율이 27%에 달하는 무안타 경기가 빈번하다.,1
최근 몇 경기에서 투수 셔저유연의 투혼을 믿기 어려운 투구가 논란이 되고 있다.,1
류현 선수가 MLB 첫 시즌 중 2번째 선발 등판을 기록했다.,1
"축구 경기에서 골 결정력은 반드시 필요한데, 최근 한 경기에서 한 선수가 30분 만에 1골을 넣었다.",1
농구장에 실버세대의 도우미가 10명 정도 활약하고 있어 경기 분위기가 달라지고 있다.,1
아시아 대중매체의 주목을 받은 한국 스타들 중 한 명인 정대영 선수가 대중에게 인기를 끌고 있다.,1
"농구 감독의 도박 혐의로 인한 사건 이후, 팀 내 분위기가 한층 악화되었다.",1
연패 중인 롯데 자이언츠의 팬들이 판정에 대한 불만을 터뜨리며 분노의 목소리를 높이고 있다.,1
최지만 선수가 3경기 연속으로 2루타를 기록하며 팀에 큰 기여를 하고 있다.,1
차범근 감독과 나히 손 감독의 지도력 아래에서 팀 역사에 새로운 장,1
"9개국에서 민주주의 판결문 5건, 공개적 대민토론의 필요성 제기",2
"공공기관의 규모 축소 추진, 내부 효율성 강화 기대감 상승",3
"대기업들의 LNG 수주 경쟁, 에너지 시장 점유율 확대 전망",3
"자동차 제조사들의 협력 업체 컨벤션 개최, 기술 개발 파트너십 강화",3
해외에서 겪은 사고로 인한 국내 외국인 유학생 사고 사례 분석,3
지역 사회의 위생 인식 제고를 위한 세정제 등 위생 키트 지원 확대 추진,3
고대 유적 발굴 조사가 사회적 관심 증대에 기여,3
환경 교육 강화로 인한 학생들의 지속가능한 미래 인식 제고 기대,3
"건축물의 높이 측정 기술, 도시 계획 및 관리에 활용 가능성 제시",3
"기후변화 대응을 위한 비상사태 선포, 환경 보호 의식 확산 기대",3
"건축물 내부 공간의 가상 현실 시각화 기술 개발, 건축 및 인테리어 디자인 혁신 기대",3
"스마트폰 카메라 기술 발전, 사용자 만족도 상승",4
"게임 회사들, 해외 시장 진출을 위한 노력 가속화",4
"뉴스 플랫폼, 독점 콘텐츠 제공을 통한 구독자 확대 추진",4
"클라우드 기반 인프라 서비스 업체들, AI 기술 활용을 통한 혁신 모색",4
"인공지능 기반의 언어 번역 기술, 글로벌 커뮤니케이션 향상 기여",4
"인공지능 비서, 개인 맞춤형 서비스 제공을 통한 경쟁력 강화",4
"소셜 미디어 플랫폼, AI 기반 알고리즘을 통한 사용자 맞춤형 콘텐츠 제공",4
"스마트 홈 기기 시장, IoT 기술 발전으로 성장 기대",4
"온라인 교육 플랫폼, AI 기반 학습 시스템 도입으로 학습 효율성 향상",4
"자율주행 자동차 기술, 안전성과 편의성을 통한 교통 혁신 추진",4
한국은행의 작년 순이익 16년 만에 최대치 기록,5
주택 공사 신용 회원의 전세 특례 보상금 지급 확대,5
삼성전자의 2차 실무 능력 강화를 위한 교육 프로그램 시행,5
경남 지역 총선에서 양산의 경쟁률이 사상 최고치에 달,5
코스피 지수가 1900선을 상회하며 상승 추세 유지,5
소상공인 대출 규제 완화로 연69 대출이 활성화,5
대통령 공원 내 1층 자동 전망 시설 개선 추진,5
특징주 중 단종설 제품 부품 업체들의 주가 급락,5
미에셋대우 신한의 실적 배당금 결정,5
IT 기업들의 자체 AI 플랫폼 구축에 적극 나서,5
보스니아 학살 사건에 대한 네덜란드 정부의 강력한 대응이 국제사회의 주목을 받고 있다.,6
카타르와의 외교적 타협을 통해 UAE가 단교 상태에서 벗어난다.,6
후쿠시마 원전 사고로 인한 이재민 문제가 일본 내에서 지속적으로 확대되고 있다.,6
홍콩 시위에 참여하는 시민들이 경찰의 테러리스트 행위에 맞서기 위해 사제폭탄을 사용하는 모습이 포착되었다.,6
중국의 위안화 가치 하락으로 인해 해외 환율이 25개월 만에 역대 최고치를 기록했다.,6
이탈리아와 독일 간의 난민 구조 문제에 대한 규정이 96가지 위반되었다는 비판이 제기되고 있다.,6
트럼프 탄핵 스캔들과 연루된 미국 국무부의 우크라이나 특별대표가 사임 의사를 표명했다.,6
"5개월 동안 500명 이상이 미국에서 총격당한 가운데, 총기 규제 강화의 필요성이 다시금 제기되고 있다.",6
9개국이 1년간의 GDP 성장률을 5%로 다시 내세우며 글로벌 경제에 긍정적인 전망을 제시했다.,6
재즈 클럽 문화가 학회 공연장에서 부활: 과거의 멋진 시절을 기리다,0
프로농구에서 SK 와이너스의 권상진 선수가 팀의 승리에 기여하는 모습이 주목받고 있다.,1
NBA에서 벗겨진 농구화를 신고 블록슛을 시도한 선수의 행동이 논란이 되고 있다.,1
김욱 선수가 KBL에서 9경기를 치러 1승을 거두며 팀의 도약을 이끌고 있다.,1
MLB에서 몸무게에 따른 보너스 지급 조건이 논란이 되고 있다.,1
류현진 선수가 팀의 중요한 경기에서 홈런을 치며 승리에 기여한 모습이 화제가 되었다.,1
프리미어리그에서 손흥민 선수가 7골을 기록하며 팀의 7위 탈출을 이끌고 있다.,1
KBO리그에서 두산 베어스의 켈리 선수와 SK 와이너스의 용찬 선수가 선발 투수로 활약 중이다.,1
프로배구에서 우리카드의 역전승이 주목받고 있다.,1
KBL에서 4점 누올리언을 기록한 데이비스 선수의 활약이 주목받고 있다.,1
칠레에서 열린 독일과의 축구 경기에서 무승부가 이어졌다.,1
다당제 정치 체제 강화에 대한 정부의 노력이 긍정적인 반응을 얻고 있다.,2
정부의 한반도 안보 강화를 위한 6개국 합의가 체결되었다.,2
연상 경제 개념이 정치 담론에 점점 더 자리를 차지하고 있다.,2
김관연의 동형 거론이 여론의 분노를 불러일으키고 있다.,2
더민주당은 보수 정당과의 연대를 위해 북풍국민의당을 창당했다.,2
문 대통령은 조미애 의원과 정상회담을 가졌다.,2
3대 정당 9명의 지도부가 신발을 한 번에 벗었다.,2
김희옥 비대위가 김정은과의 대화를 추진할 것인지 여부를 묻고 있다.,2
전국위가 정부의 9분 WS 공개를 지지하는 의견을 내놓았다.,2
주한미군 사령관이 문 대통령에게 경례를 했다.,2
"서울시, 석촌동 발굴 조사 설명회 개최 후 지원 프로그램 확대 추진",3
전통 의약품에서 영감을 얻은 모기퇴치제 개발에 주목,4
삼성의 새로운 스마트폰 모델 출시로 시장 점유율 상승 기대,4
"스마트폰 내부의 방사선 차단 기술, 건강한 사용 환경 조성에 기여",4
"SKT의 해양 안전 통신 기술 시범 운영, 안전한 바다 생활 보장",4
"스트레스 관리를 위한 명상 앱, 면역력 강화와 피로 감소 효과 입증",4
"스마트폰 내부 방사선 차단 기술, 사용자의 건강 증진에 도움",4
"네이버의 새로운 화면 분할 기능, 멀티태스킹 효율성 향상 기대",4
"방탄소년단의 광고 효과, LG 제품 판매량 급증에 크게 기여",4
"게임 플랫폼과 제휴한 삼성 신제품, 게이머들의 관심 집중",4
"전통 의약재 활용 모기퇴치제 개발, 친환경적이고 효과적인 방안 제시",4
"의료기기 제조사들, 콜라겐 기반 재료 기술 개발에 적극 투자",5
"부산 지역 주택 시장, 3만 건 이상 거래량 기록",5
"북한과의 경제 협력 기금, 2016년 대비 8% 증가",5
"전국 주택 시장, 거래량 상승 추세 지속",5
"골프장 디자이너, 최신 기계 기술 도입으로 경쟁력 강화",5
수수료 인하가 배송 위기 해소에 효과적일까?,5
부동산 시장 동향 파악을 위한 공시가격 알리미 서비스 확대,5
"카드사, 전환 미흡 단말기 대응 방안 마련 중",5
"총파업 임박한 가운데, 은행 노사 간 최종 협상이 치열하게 전개될 전망",5
"개인 투자자들, 소액 주식 시장에 대한 관심 증대",5
홍콩 시민들의 대규모 시위로 인한 사회적 분열이 심화되고 있음,6
트럼프 행정부의 이란에 대한 제재 완화 의사 표현이 국제사회에 미치는 영향 분석,6
여성 MBA 프로그램의 인기가 상승하는 배경과 그에 따른 사회 변화 탐구,6
인도에서 힌디어 사용의 법적 지위 확립을 둘러싼 논란의 본질 파악,6
반정부 시위로 인한 이라크 내 분쟁의 심화와 그에 따른 인권 문제 고찰,6
터키의 시리아 진격에 따른 지역 안정성에 대한 우려와 평화 노력 평가,6
미국 시장 진출을 위한 소비재 제조업의 전략적 재편 필요성 논의,6
사이클론 피해로 인한 방글라데시의 인도적 위기 상황 개선 방안 모색,6
미국 대선 경쟁에서 워커 주지사의 지지율 동향과 선거 전망 분석,6
미국의 블랙 라이브즈 매체가 사회 정의와 인권을 위한 역할 재정립의 필요성 인식,6
폭염 주의보 발령 지역에서 시민들의 건강 관리에 주력,0
미세먼지 주의보로 야외 활동 제한이 확대될 전망,0
한파 예상으로 내일 전국 아침 기온 121도 기록될 전망,0
재벌 5사 중 1위에 오른 보수의 경제 지배력 지속,0
여름 밤 영화제 개최로 지역 문화 활성화 기대,0
명창 이춘희의 경기도민요 연주로 지역 정서 고취,0
"소셜미디어에 '에세이' 인기, 글쓰기 열풍 이어짐",0
"세이곰돌이 복' 1000권 매진, 독서 문화 확산",0
"기상청, 폭염 주의보 9개 시군에 계속 발령",0
가을철 비 소식에 충청남부 시민들 불안 증폭,0
고용 시장의 회복세가 지속되면서 실업률 하락에 긍정적 반응,1
"축구 팬들의 열기가 뜨겁게 고조되며 아스널, 리버풀 경기 관중 수 증가",1
윤성환의 지속적인 활약으로 인해 팀 내 리더십 강화 추진,1
"ED재판에서 증거 확보에 성공한 협회, 적의 사과 요구에 긍정적 대응",1
"AFC 챔피언스 리그에서 상하이 상강에 패배한 울산 현대, 다음 경기에 집중",1
다저스 로 감독의 탁월한 지도력으로 팀 내 분위기 개선,1
"박철우의 역전 26점 폭발로 삼성화재, OK저축은행 제압",1
"지소연의 월드 아시컵 출전, 국가대표팀의 기대감 상승",1
축구 팬들의 열기 속에서 아시안컵 예선전 관중 수 증가,1
고용 시장의 회복세가 경기 부양에 긍정적 영향을 미칠 전망,1
북한의 대외 관계 강화 노력 속에서 유엔 제재 해제를 위한 전략 재검토,2
미국 대선에 앞서 민주당과 공화당의 지방 선거 사전 투표 참여율 상승,2
북한의 핵 실험 도발 가능성에 대한 국제사회의 우려 증폭,2
사회 정의와 분배 문제 해결을 위한 정책 논의가 활발히 전개됨,2
북한의 석탄 수출 제재에 따른 국내 전력난 완화 방안 모색,2
북미 정상회담의 성공적 개최를 위한 남북 간의 관계 개선 추진,2
미국 대학과 한국의 협력 강화를 위한 MOU 체결,2
북한 내 정세 변화에 따른 김정은 리더십의 지지율 동향 분석,2
북한의 유엔 대응 전략 재검토 속에서 김정2의 외교적 성과 평가,2
한국 사회의 가두지 못한 억압 문제 해결을 위한 시민단체 활동 활발화,2
KT의 네트워크 대책 강화에 따른 연말 연시 대비 노력,3
탈북자 자원봉사단의 연천 통일 염원 벽화 프로젝트 확대 추진,3
"KT의 네트워크 보안 강화, 연말 연시 사기 예방에 기여",3
경제 이해를 쉽게 하는 UCC 공모전에서 우수 작품 선정,3
보육시설 내 비리 근절을 위한 정부의 새로운 정책 발표,3
"KT의 네트워크 최적화, 사용자 만족도 향상 기대감 상승",3
김동연 부총리 초청 시9방송편인협회 토론회 성료,3
서울 미술관 'Every ZK Room 1' 전시회 인기 지속,3
한국 내 외국인 격리 시설 탈출 사건에 대한 조사 진행 중,3
경제 교육을 위한 UCC 공모전 수상작 전시 계획 발표,3
갤럭시10의 공급 문제 해결 후 시장 점유율 상승 기대감,4
청주시 예산 배정률 상승 추세 지속될 전망,5
은행 인사 정책에 실질적 변화가 요구됨,5
줄기세포 치료제 개발로 SK바이오랜드 주가 상승세 지속,5
GS건설의 내년 영업 성과 전망이 밝아짐,5
자동차 부품 시장의 안정성 확보가 중점 과제,5
"한투증권, 빙레 주식에 대한 수요 증가 지속",5
SKT의 헬스케어 비즈니스 확장 계획 발표,5
GS건설의 지속 가능한 성장 전략 강조,5
파주에너지서비스 매각으로 SK ES의 자본구조 재편,5
아주대학교 건설 중인 전자대학원 개교 계획 발표,5
유럽 연합(EU) 내 분열의 심화: 브렉시트 이후의 변화 분석,6
국제사회의 압박 속 이란 핵협정 재협상 가능성 평가,6
중국의 남중해 군사적 활동에 대한 국제사회의 우려 증폭,6
"중동 지역 내 갈등의 중심, 이스라엘과 팔레스타인의 대립 상황",6
북한 식당 '옥류관' 폐쇄로 인한 UAE 내 한민족의 어려움,6
미국과 중국 간의 기술분쟁 확대: 퀄컴에 이어 에릭슨도 반독점 조사,6
리비아 인질 사건의 희생자들에 대한 추모와 사과 요구,6
아프리카 남부 사하라 사막 지역 내 폭사 사고로 인한 인명피해 증가,6
북미 지역 군사 동맹의 안정성에 대한 미국의 우려 표현,6
EU 내 각국들의 경제적 이익 추구로 인한 협력의 한계 드러남,6
대구경북 지역의 최근 기온 급감에 따른 서리얼음 현상 관찰,0
"전통 음악의 가치를 지키며 현대적 요소 도입, 지휘자들의 노고 인정",0
파주드저 연방에서 우수한 국립박물관에 상을 수여,0
"명작 '청6'의 7기 주인공들, 3IUS 아남가와의 협업 기념 이벤트 개최",0
"기온 40도에 이르는 창녕의 여름축제, 시민들의 더위 피난처",0
가벼운 에세이 장르의 베스트셀러가 지속적 호조를 보임,0
100년 전 경희궁의 놀이판을 재현한 사진전 개최,0
"소설가 백민석의 쿠바 여행 사진전, 현지 문화 담아냄",0
영산강 황포돛배를 한복 입고 타면 요금 50% 할인 혜택 제공,0
1년 만에 소설가들의 비례대표 선출을 위한 선거운동 개시,0
축구 리그에서 남북 팀의 경기가 열려 방북단 군용기 투입 논의 중,1
프로농구 SKT 삼성의 패배로 하루 만에 공동 3위로 내려앉음,1
"올림픽 종목의 마지막 주자들, 메달 획득을 위한 마지막 전투 준비",1
"FA 랭킹 7위에 오른 류현진, 부진으로 인한 불안 증폭",1
"축구선수 호날두와 메시, 266번째 엘클라시코 대결 앞두고 긴장감 고조",1
"K리그 클래식에서 7안컵 선단장, 부회장의 지원으로 경기력 향상 기대",1
"AFC 챔피언스 리그에서 울산 FC, 상하이 상강에 1승도 못 거두며 어려움 겪음",1
"남북 농경기대회 후일 방북단, 군용기 투입 계획 발표",1
"0-0으로 승부차기 진출에 성공한 남자 배구 대표팀, 다음 경기에 대한 기대감 상승",1
"박기원 감독, 팀의 엔진 역할을 다하지 못해 감독진의 변화 가능성 제기",1
정치적 갈등 속에서 금감원장의 사표 수령 논란이 계속되고 있다.,2
야당 대표의 첫 번째 삭발 행보가 국민의 반발을 불러일으켰다.,2
사회적 정의를 위해 항쟁을 벌이는 단체가 새로운 후보에 대해 명예를 부여할 것을 요구한다.,2
대통령의 애도와 안타까움 속에서 사망자 최소화를 위한 대응이 강조되고 있다.,2
PC 수천 안에 있는 천안장의 마 언균 2 전투 완성을 촉구한다.,2
북한의 김주체조가 용사들을 더 많이 선발하도록 지시했다.,2
북한의 노동당 제7차 대회의 5월 6일 개최가 발표됐다.,2
김정은의 결산 보고가 당 내에서 진행될 예정이다.,2
윤상현이 김무성의 자택을 방문해 사과했다는 소식이 전해졌다.,2
남북 정상회담의 보고서에 대한 청취와 조명이 균형 잡힌 결과를 기대하게 만든다.,2
30대 남성들의 의견이 사회 정책에 큰 영향을 미치는 현상에 대한 연구가 필요,3
교육 환경 개선을 위한 학생 안전 강화 방안 모색,3
역사적 유적 발굴 조사에 대한 공공 설명회 개최 필요성 제기,3
일상생활에서의 휴대전화 사용 제한 조치에 대한 시민 반발 심화 추세,3
환경 보호와 관련된 공공 기관의 투명성 강화 요구,3
해외 취업 지원 프로그램의 효율성 개선을 위한 검토 필요,3
교통 사고 책임 분담 기준 개선에 대한 논의가 필요,3
사회적 약자 보호를 위한 식량 안정 정책 강화 필요,3
교육청의 학생 안전 실태 조사 결과 공개를 위한 시한 설정,3
과거 역사적 사건에 대한 공공 해설 설명회 활성화 제안,3
"기업 데이터 보안 위협에 대응, 6양자암호화 키 회전 장치 개발 속도전",4
보관소 CSD 작업 그룹과 분산원장 기술 공동연구 협력 강화,4
KT텔레캅의 새로운 보안 서비스로 무선 장비 침입자 차단,4
패널 업계 침체로 인한 브드 투자 전환 추세,4
MWC1 성디스플레이에 지문인식 기술 럭시5030 적용,4
애플의 OS 11 배포로 증강현실 기술 본격화 전망,4
춘천국제레저대회에서 포켓볼 '까롬' 인기 모바일 게임으로 등극,4
네이버TV캐스트의 네이버TV로 단장된 모바일 플랫폼의 편의성 향상,4
아이폰11 프로의 카메라 성능이 기대치를 크게 뛰어넘음,4
0.6배 물 사진 유출 사고로 화면 얇음과 옷감 특징 논란 발생,4
코스닥 상장 기준 완화로 중소기업의 자본조달 활성화 기대,5
회계 부문의 정밀한 분석이 기업의 실적 예측에 중요한 역할을 함,5
주택 시장의 안정화를 위해 은행과 개발사 간의 협력이 필요,5
반도체 기업의 올해 실적 전망이 긍정적,5
소폭의 주가 하락과 환율 상승이 경제 전망에 미치는 영향 연구,5
"한국 소프트웨어 기업, 윈도우 10 에디션 출시로 시장 점유율 확대",5
생명과 환경 보호를 위한 지속가능한 발전 전략 수립의 중요성 강조,5
전국 주택 시장 동향 분석을 통한 정책 제안의 필요성 제기,5
"LG전자의 스마트폰 사업 부진, 장기적 전략 재검토 요구",5
가상화폐 시장의 급성장과 함께 신용대출 증가 추세에 대한 우려 표명,5
러시아-우크라이나 전쟁으로 인한 전략적 자원 부족 문제가 글로벌 시장에 미치는 영향,6
도시 환경 개선을 위한 홍수 청소 작업에 참여하는 자원 봉사자들의 역할,6
유럽 연합(EU)의 통화 정책 변화가 덴마크 크로네(DKK)와 프랑스 프랑(FR) 가치에 미치는 영향,6
고대 유물 발견의 중요성과 역사적 가치에 대한 새로운 연구 결과,6
미국의 시리아 내 군사적 개입 확대 가능성에 대한 논의가 진행 중,6
팔레스타인 내 폭력 사태로 인한 이스라엘의 대응 조치와 인권 문제,6
다르빗시 부활 후 일본의 문화적 영향력 회복에 대한 언론의 기대,6
화웨이 기술의 스마트폰 부품 공급망 중독 문제와 대안 탐색,6
유대인 커뮤니티 내에서 발생한 테러 위협에 대한 대응 방안 논의,6
라디오 방송국이 2차 배당금을 다시 투자하는 전략적 시도와 기술 테스트의 필요성,6
"스키 마스터십 대회, 참가자 간격 단축 계획 발표",0
교양 만화 시리즈 '교는5'의 인기에 힘입어 주인공 캐릭터들 대중화,0
"강원도 남한강 축제, 여름 휴가객들에게 인기 행사로 자리잡다",0
"화천 마을의 전통 축제 '화천마토축제', 2억 달러 매출 달성 기념",0
시대의 변화에 발맞춘 교양 만화 '윤태호'의 재출연 기대감 상승,0
"권익을 위한 사적 '04뜰사', 문화유산 보존을 위한 책 공모 진행",0
"드라마 '미스터 샤인' 속 부인물들, 실화를 바탕으로 영화화 추진",0
"문화유산 보존을 위한 '04뜰사'의 책 공모, 사회적 관심 높아짐",0
"부의 집중 현상 해소, 5대 재벌 가문의 역사를 다룬 게임 '파워' 출시 기념",0
"전통 문화 유산 '마을의 성리', 화천 마을의 상징으로 새롭게 인식되다",0
손흥민의 국제대회 출전 여부에 대한 불확실성,1
문재인 대통령의 위혁신 선언에 대한 사회적 공감대 강화 추세,2
정의당의 선거 전략: 총수 대 대통령 면담 수사와 관련된 이슈 활용,2
북한의 설날 연휴 확대에 따른 경제적 영향 분석,2
박건우 전 대통령의 인제 시절 '삭발' 전략과 그 효과 예측,2
북미 정상회담의 관문 대통령 발언 분석: 평제 수립과 북미 수교 확대 전망,2
북미 관계 개선에 따른 북한 내 '영자 취재 체제' 변화 전망,2
남북 정상회담 보고서의 청취율과 평가: 기대치를 뛰어넘는 결과,2
문재인 정부의 위혁신 정책이 미래 경제 성장에 미치는 영향 분석,2
정의당의 63대 총선 선거 전략과 후보자 선출 과정 정리,2
북한의 연휴 확대 결정 배경과 그에 따른 사회 경제적 변화 전망,2
"LG유플러스의 지속가능경영 노력이 주목받는 가운데, 2018년 보고서 발간 소식이 전해져 왔습니다.",3
삼성 갤럭시 시리즈의 후면 카메라 기술 발전 속도 가속화,4
디지털 콘텐츠의 상업화 추세가 계속될 전망,4
정보보안 서비스 시장의 경쟁 심화에 따른 KT 안랩의 전략적 제휴 확대,4
KT의 스마트 홈 서비스 확장에 맞춘 새로운 노래방 앱 '싱스틸러' 출시,4
터치스크린 기술의 혁신을 이끄는 이미지스의 압력센싱 장치 특허 획득,4
인공 지능의 발전으로 인간과의 친밀한 관계 형성 가능성 탐구,4
핵 에너지의 안정적 공급 확보를 위한 첨단 기술 개발 지속,4
중저가 스마트폰 시장에서 갤럭시와드 4의 강세 전망,4
프로야구 체험의 디지털화 추진을 앞장서는 LGU 잠실 야구장,4
하반기 출시 예정인 듀얼심 아이폰에 대한 기대감 상승,4
정부 주택 공급 확대 계획 발표에 따른 시장 반응 분석,5
금융 기술 기업의 발전과 새로운 비즈니스 모델 도입 추세,5
음악 스트리밍 시장의 변화와 경쟁사 간 전략 재조정,5
통신사 SKT의 프리미엄 서비스 확대 전략과 요금 정책 변화,5
경제 전망에 대한 전문가들의 의견 대립과 정책 제안,5
주식 시장 불안 증폭으로 인한 투자자 심리 변화,5
주식 시장 내 기업들의 투자 침묵 현상 분석,5
온라인 쇼핑의 성장세 지속과 관련된 기업들의 경쟁 전략,5
건설업계의 선도자로 활약한 박창규 전 롯데건설 사장의 유산 평가,5
코로나19 백신 접종률 상승에 따른 경제 전망 개선 전망,5
시베리아의 야생 동물 보호구역 확대 추진,6
페루 여0자무장도에 대한 광공사 사건의 영향 분석,0
만화3의 발전에 따른 사회적 변화 예측,0
3문상에 구2해3은가에 따른 경제적 파급효과 평가,0
천상의 삶에서 평화로움과 지루함의 균형 찾기,0
경북 4개 시군의 호우특보 해제로 인한 지역 경제 회복 기대,0
시문인과 함께하는 문학목소리 201 국서진행의 문화적 가치 탐구,0
러시아 음악가 타지 같은 화가독 similar의 예술적 업적 평가,0
국립중앙박물관의 세계문화관 개관으로 인한 관람객 유치 효과 분석,0
추운 날씨로 인한 눈 내리고 기온 하락의 기후 변화 영향 탐구,0
소리길류동 곡의 인기를 끄는 요소 분석,0
류현진과 추신수의 팀워크가 한 시즌의 성과에 큰 영향을 미칠 것이라는 전망이 나온다.,1
다저스 팀의 포수 류현진이 이번 시즌을 앞두고 훈련에 매진하고 있다.,1
시라리 골프 클럽이 8대 선수들을 대상으로 한 특별 캠페인을 성공적으로 진행 중이다.,1
박민이 UWS 펀드 1에서 투자 성공을 거두며 금융계에 주목받고 있다.,1
박 김재가 1 시즌 내에 142홈런을 기록할 것이라는 예측이 나왔다.,1
내일 남북농민경연대회 방북 대표단이 군용기로 평양에 방문한다.,1
우리은행의 박혜진 대리 연봉이 3억원으로 2년 연속으로 기록됐다.,1
승우 로나로 완전 계약에 대한 소식이 화제가 되고 있다.,1
경찰이 승부조작 의혹을 제기한 브로커에 대한 수사가 착수되었다.,1
남북농민경연대회 방북 대표단이 내일 군용기로 평양에 방문한다.,1
가솔린 가격 상승세 지속될 것인가? 국제유가 동향 주목,2
"지방자치제 시행 20년, 지방무원 정기 인승진의 증가 추세 분석",3
"재벌의 사회적 책임 강조, 코로나19 극복 비용 부담에 대한 여론 조사 결과 발표",3
"2·28 독립운동 100주 기념식, 일본의 반도체 수출 제한에 대한 국제적 반응 분석",3
"오픈뱅킹 전면 시행 전, 금융산업의 디지털 전환 전략 수립 필요성 논의",3
"산업혁명 4.0 시대, 상이점 산업의 미래 전망과 정책 방향성 모색",3
서울시 인권위의 노숙인 공공일자리 정책 철회에 대한 시민들의 의견 조사 결과 발표,3
"제주도 과학기술연합의 장기 계획 수립, 지속가능한 발전을 위한 전략 마련",3
"EBS와 지역 방송국 간 인재 교류 협력 사업 체결, 교육 역량 강화 추진",3
"안종범 사건' 10주년, 진실 규명과 사과 요구가 높아지는 추세 분석",3
"일본 도쿄 주택가 연못에서 발생한 미제사건, 범죄 예방과 사회 안전 강화 필요성 논의",3
"자동차 안전 기술 발전, 에어백 개발사 현대기아차 선도",4
정부의 실손보험료 인하 정책이 시장에 미치는 영향 분석,5
지방 미분양 문제가 매수자에게 미치는 긍정적 효과에 대한 평가,5
코아로직의 수원지법 회생절차 종결 신청 배경과 의미,5
삼성전자의 급격한 약세 전환 요인과 시장 전망,5
가상화폐와 권력 조직 간의 관계에 대한 조사 결과 발표,5
한진그룹의 대한항공 총괄 부사장 등용 전략 분석,5
TVN의 1분기 영업이익 15% 증가에 따른 주가 반응,5
한투증권의 신규 주식시장 상품 PF 대출 채권 투자 부동산 펀드 판매 추진 배경,5
코스피와 코스닥의 미국 호조세 영향에 따른 거래 동향 분석,5
SKT의 010 943 서비스 사용 증가 추세와 정부의 관련 정책 검토 요구,5
아프리카 내전의 외교적 해결책 모색에 국제사회의 관심 증대,6
아프리카 동부 해역에서의 해적 행위 감소 추진,6
"아베 신조 총리, EU에서의 일본 수산물 무역 분쟁에 대응",6
"말리 새 총리 시세, 경제 안정과 재무 개혁 추진",6
"8개국 G8, 신흥시장 5국과의 2색화 대응 논의",6
"트럼프 행정부, 아프리카 외교 전략 재검토 중",6
"국제사회, 아프리카 내전 해결을 위한 외교적 노력 지속",6
"아프리카 동부 해역 해적 활동, 국제 해양 경찰단의 역할 확대",6
"G8 정상회담, 아프리카 개발과 안보 문제에 초점 맞춤",6
"말리 전 총리 발다이, 경제 발전을 위한 새로운 방향 제시",6
한국의 금강산책로가 세계 관광 명소로 등극할 전망,0
신간 출간 소식: 미니스커트 경제에 대한 새로운 통찰 제공,0
5G 네트워크 확대에 따른 소비자 만족도 상승 기대,0
충북 지역의 강한 소나기 주의보 지속,0
공공 도서관 10곳이 협력하여 독서 활성화 추진,0
글로벌 트렌드 분석 보고서: 서재에서 새로운 시장을 발견,0
"내일 서울 날씨: 추운 날씨에 대비, 따뜻한 옷 입기",0
철학자의 걷기와 생각의 연관성 탐구,0
"인공지능 기반 스마트 홈 기기, 시장 점유율 급증",0
"IT 기업들, 자체 AI 플랫폼 구축에 힘쓰다",0
실버세대의 농구장 참여가 사회적 관심사로 부상,1
스포츠 심판들의 파업 예고로 인한 국제대회 불안 증대,1
"프로농구 리그, 역대 최다 승리 기록 세우는 중",1
"메디 리그, 안정성 확보를 위한 새로운 전략 모색",1
"아시아 4위 도전, 한국 농구의 자부심 고취",1
"폭력 혐의로 구속된 축구 선수, 징역 9개월 선고",1
"차범근, 나희, 손연재 등, 역대 최고의 야구 선수단 결성",1
"소사 4승, 봉승 2승으로 LG NC, 프로농구 4승 달성",1
"실버세대 농구장 도우미, 사회적 연대감 강화의 상징",1
"한국 야구 역사상 최초로 1만점을 기록한 헤인즈, 900번째 안타를 기록한 양동근",1
정치적 갈등 속에서 정당 수의 증가에 대한 논의가 활발하다.,2
정당 간의 경쟁 속에서 제시된 예산안이 부작용을 초래했다.,2
정부의 한반도 정책에 대한 여론이 분분하다.,2
특정 정당의 전략적 개입에 대한 의혹이 제기되고 있다.,2
정당 내부의 책임론과 신임 문제가 복합적으로 얽히고 있다.,2
시민들의 불만과 정부에 대한 신뢰 하락이 지속되고 있다.,2
정치적 분열과 혼란 속에서 시민들의 목소리가 묵직하게 울려 퍼지고 있다.,2
정당 간의 협력 부재로 인한 정책 실행의 어려움이 커지고 있다.,2
정치적 불안정과 혼란이 경제적 안정에 부정적 영향을 미치고 있다.,2
정치적 상황 변화에 따른 사회적 불안 증대 우려가 커지고 있다.,2
"기술 기업들, 스마트 홈 시장 점유율 확대 노력 속보",3
RL5 카드 DF의 불법 알림 문제에 대한 정부 대응 논의가 활발히 전개되고 있다.,4
국계58의 발전을 지연시키는 요인들에 대한 심층 분석이 진행 중이다.,4
갤럭시 S8의 광범위한 보급으로 인한 통신 인프라 부족 문제가 지속되고 있다.,4
의료용 전자 장비가 생체 신호를 실시간으로 원격 측정할 수 있는 기능을 갖추게 됨에 따라 의료 서비스 혁신 기대감 상승.,4
"LG의 8K 디스플레이가 출시 후 15일 만에 예판을 시작할 예정이며, 초기 구매자에게 무상 교체 혜택 제공.",4
2020년이면 AI를 활용한 건강 상담 서비스가 보편화될 전망.,4
갤럭시 S1의 대량 개통으로 인해 장거리 통신에 어려움을 겪는 지역 발생.,4
통합안랩과 KTTI가 정보보안 서비스 개발을 위한 업무 협약 체결.,4
사이언스 8의 휴면 기능 강화로 명상에 대한 과도한 의존 문제가 대두되고 있다.,4
2017년 출시된 갤럭시 노트 7의 50만 대 이상,4
"33층 빌딩 등반, 여성 등반가의 새로운 기록 세우다",5
이탈리아 인질 사건의 희생자들에 대한 국제사회의 관심이 높아지고 있다.,6
전 미국 대통령 오바마의 연설에서 강조한 메시지가 여전히 사회적 논란을 불러일으키고 있다.,6
한국 정부는 미사일 방어 시스템 도입을 가속화하여 안보 강화를 모색 중이다.,6
EU는 공공 부채에도 불구하고 경제 활성화를 위해 추가 자금을 조달하는 방안을 모색하고 있다.,6
"한국의 애니메이션 산업이 국제 무대에서 주목받고 있는 가운데, 주변국가들의 관심도 높아지고 있다.",6
핵 문제 해결을 위한 국제 협상이 막바지에 접어들면서 긴장감이 고조되고 있다.,6
소말리아에서 발생한 차량 폭탄 테러로 인한 희생자 수가 계속 증가하고 있다.,6
미국의 외교 정책에 대한 비판이 지속되면서 국제사회 내 신뢰도가 저하되고 있다.,6
중국의 가상화폐 업자들이 전기 요금을 낮추기 위해 이란에 금전을 원정 채굴하겠다는 계획을 세웠다.,6
아프리카의 불안정 지역인 말리에서 새 총리가 임명되었으나 재무장관의 전임에,6
제주도 내일 아침까지 비와 강풍 주의보 발령,0
전혜린 작가의 '흑역사'에 대한 책 읽는 여자의 변명,0
조지 맥브라이드의 '드라크퀸' 연극이 내달 초 한국 공연,0
충청권 주말 여행지 포도밭과 사랑의 풍경으로 떠나는 여정,0
청춘기를 맞이해 조기 창단의 중요성 강조,0
미지의 수수께끼를 풀기 위한 계의 숙제 제안,0
제주도 영동 지역 아침까지 비와 남해 강풍 주의보 발령,0
전혜린 작가의 '흑역사'에 대한 독자의 정의적 해석 추구,0
"한국 연극계, 조지 맥브라이드 '드라크퀸' 초연 기대",0
"충청 지역 주말 여행, 포도밭과 로맨틱한 풍경 속으로",0
"KBO리그: 다승 1위 두산의 이용찬, 부상으로 인한 휴식 필요성 논의 중",1
"폭행 혐의로 구속된 XLB의 우아스, 8일 만에 구속 기소 합의",1
"토트넘 FC, 포체티노 감독의 컵 대회 출전 방침에 대한 지속적인 관심",1
"유영준, 왕위 계승에 직면하면서 조심스러운 전략 수립",1
"시안 국제 게임에서 한국 체육관, 농구 대표팀의 우승 기념일",1
"경찰, 두산 이영하에 대한 승부조작 의혹에 대한 수사 착수",1
"GD의 강 감독, 2로 축구에서 70회 출전 기록 달성",1
"토트넘과 맨체스터, 2005년의 불명예로운 벌금 사태 회상",1
"류현진, 100번째 등판 후 통증으로 자진 마운드 하차",1
"NBA에서 제외된 농구화, 블록슛 시도를 하며 팀에 기여하는 선수 등장",1
국제유가 상승에 따른 국내 주유소 가격 상승 추세 지속될 전망,2
더불어민주당 의원들의 8주간 사면 논의가 복잡한 상황 속에서 진행됨,2
"최경환 전 백의종군 사태에 대한 진상 규명, 경북 모임에서 새로운 단서 발견",2
문 대령의 환영사로 대변하는 새누리당 당직자들의 역할 강조됨,2
청원 중복 참여 의혹에 따른 카카오톡의 임시 참여 중단 조치,2
여야 간 경제 정책 대립이 한반도 평화 정상회담의 주요 이슈로 떠오름,2
대통령의 모든 힘을 동원해 한반도 화해 정상회담의 성과 도출을 기대,2
평양 정상회담에 참여할 특별수행단 리용남과 미국 대표 면담 계획 발표,2
쓰레기 관리 개선을 위한 로컬 이니셔티브가 전국적으로 확산,2
국민들의 생활 속 쓰레기 문제 해결을 위한 정부의 새로운 정책 발표 기대,2
이택의 항소심 재판에 대한 사회적 관심 증가,3
"DJI의 경쟁사 이식드론에어, 안전 우선 전략으로 시장 점유율 확대",4
"삼성, 스마트폰 시장에서 지속적인 선두 지위 유지에 힘쓰고 있다",4
"갤럭시 노트 시리즈, 미국 컨슈머 리포트에서 꾸준히 높은 평가 받음",4
"삼성 갤럭시 노트1, 전 세계 영상 선판매 9일부터 시작",4
"한국 우주개발, 달 탐사 미션에 대한 지원 확대 기대감 상승",4
"AT&T, 보안 위협에 대응한 '문보안비상종사' 프로그램 확대",4
"KT, AI 기술을 활용한 'Find your voice' 프로젝트 론칭",4
"갤럭시 S8과 유사한 다재다능한 갤럭시8, PC와 VR 생방송 모두 가능",4
"미래부, VR/AR 산업 투자 펀드 운용에 케이큐브벤처스 선정",4
"LG유플러스, 아이폰 6 0원 특별 할인 행사 진행 중",4
KB증권의 2분기 영업익이 전년 동기 대비 221% 증가한 1천5억 원을 기록했습니다.,5
한진그룹의 세대교체 인사 조현아가 인사 명단에서 제외되었습니다.,5
삼성카의 송금업체인 토스가 YH다제 카드를 출시했습니다.,5
현대차의 자회사인 현대차증권이 MMT를 300억 원에 매수했습니다.,5
청주시의 내년 예산이 1조 5천 921억 원으로 계획되었습니다.,5
"유가가 동아리 9%로 상승했고, 8월 이후 최악의 37개월 만에 하락했습니다.",5
외국인과 개인 투자자들이 코스피를 매도하는 속도가 줄어들었습니다.,5
롯데호텔의 대표이사 내정자로 김현식을 전무로 임명했습니다.,5
전세 시장의 급격한 상승세가 지속되고 있습니다.,5
주식시장에 대한 국민의 관심이 지속적으로 높아지고 있습니다.,5
유럽의 한파로 인한 난민들의 어려움이 국제사회의 주목을 받고 있다.,6
남아공에서는 관광 산업 활성화를 위한 워크숍이 열렸다.,6
베네치아 자치권의 반세기 dreams가 주민투표에서 또 실패했다.,6
이란과 20개의 원심분리기 설치에 합의했다.,6
일본의 교체 부상 사태로 인해 아베 총리의 지지도가 하락하고 있다.,6
대중들이 대국민 회의를 통해 자신의 목소리를 내고 있다.,6
터키 내전으로 인한 민간인 희생자가 계속 증가하고 있다.,6
아랍연합(Arab League)은 사드 사전 협의에 실패했다.,6
실종자 170명 중 4명만 발견되어 진실 규명에 어려움이 있다.,6
중국의 해외 투자 안전도가 평가 후 급격히 하락했다.,6
전통 문화의 가치를 지키며 현대에 맞게 변화하는 한국의 예술계,0
지역 특산물을 활용한 새로운 음식문화가 주목받고 있음,0
자연 속에서 힐링을 찾는 현대인들의 소비 트렌드,0
"전통 공예의 재조명과 현대적 접목, 새로운 가치를 창출",0
한국의 전통 악기 연주자들이 국제 무대에서 빛을 발함,0
소규모 갤러리가 주도하는 현대미술 시장의 활성화,0
베스트셀러 작가들의 신작 출간 소식이 화제,0
전통 건축물을 보존하면서 현대적 기능을 부여하는 도시재생 프로젝트,0
지역 사진작가들의 작품이 주목받는 시대,0
한국의 전통 의상이 글로벌 패션계에 새로운 바람을 일으키다,0
"한국 여자농구, 최소 득점 기록 34점에 대한 반성의 시간 필요",1
농구 리그 샐리캡 가격 1억에 24원의 엄청난 수익 창출 기대,1
"남북 농구 대회 방북단, 군용기 전시로 평양 방문을 앞두고",1
"시라리 개 농구팀, 8대 득점 기록에 도전 중",1
"박기원 감독, 팀에 대한 비판에 무관심한 태도 보임",1
"김빛내리 등 연구팀, 농구 발전에 세계적 수준의 기여 기대",1
"농구 역사상 최고의 선수, 조던과 제임스 두 마리 토끼",1
"예우받은 트라우트, 45번 단 MLB 올스타전에 감동적인 모습",1
"FA컵 티켓 경쟁, 지역별 예선전 본격화로 최소 5팀 진출 기대",1
"5부리그 반란, 잉글랜드 FA컵 16강 진출을 향한 도전 시작",1
김정은의 결산보고가 발표되면서 북한의 경제 상황에 대한 관심이 높아지고 있다.,2
국제유가 상승에 따른 주유소 가격 상승세가 지속될 것으로 전망된다.,2
정부는 4월 한반도 위협에 대비한 안정 대책을 마련하고 있다.,2
김정은의 하노이 방문에 대한 의문이 제기되고 있다.,2
"국회에서 5RF에 대한 핵심 질문 6건이 공개되었고, 7명의 의원들이 서명했다.",2
"정치적 갈등 속에서 김재수 해임 건의가 제기됐지만, 정당 내부에서 반발이 일고 있다.",2
군사적 긴장감이 한반도에 가득 차면서 정부는 6월 합동군사작전을 준비 중이다.,2
북한의 핵 문제에 대한 국제사회의 규탄이 계속되고 있다.,2
"경제 번영을 위한 정부의 노력이 계속되고 있지만, 여전히 어려움을 겪고 있다.",2
한반도 안보 상황에 대한 정부의 대응이 9개의 주요 평화 과제를 바탕으로 이루어지고 있다.,2
5G 기술 활용 노인 케어 서비스 확대 추진,3
"한국 IT 기업들, 해외로밍 서비스 개선에 힘쓰다",4
바이오산업의 성장 동력 확보를 위한 투자 활성화 필요,4
LRU Lockchain Technology의 보험료 인상에 대한 반발 속보,4
"KT의 NBI 사업 확장, 협력 파트너 확보 속보",4
"LG 폴더블 스마트폰, 1만원대 LTE 요금제와의 조화 속보",4
"자율주행차 모터쇼, 판교에서 내달 개막 예정",4
"APT 공격 대응, 이스트시큐리티가 한국인터넷진흥원과 협력",4
3DEL 기술로 종이면도 삼중보호 가능하다는 연구 결과 발표,4
"평창 동계올림픽, 로봇 기술 활용한 베일 제조 속보",4
"인공지능 기반 스마트 홈 기기, 시장 점유율 상승세 지속",4
2023년 세계에서 가장 많이 팔린 스마트폰 모델 발표,5
코스피 주식시장 지속적인 상승세로 연년 대비 10% 이상 상승 기대,5
두산밥캣의 혁신 제품 '맥스컨트롤' 2020년에도 수상 기대감 상승,5
2022년 수도권 아파트 평균 판매가 3억 5천만원으로 전년 대비 5% 증가,5
도시화 진전으로 상업단지와 주거단지 간 거리 축소 추세 지속,5
"1분기 티비벌레익익 실적 14억 5천원, 전분기 대비 15% 증가",5
"신반포역 주변 부동산 가격 상승세 지속, 연간 거래량 3억 달성",5
한국은행 총재의 경제 전망 발표에 따른 시장 반응 주목,5
"2022년 전국 미분 주택 공급 6만 3천 가구, 전년 대비 3.7% 증가",5
KB증권 2분기 영업익 1천 6억원으로 전년 동기 대비 22% 증가,5
2차 세계대전 유대인 구호 편지의 전시회 개최 기념,6
"제주도 내 강우 주의보 발령, 비 피해 우려",0
서울시 미세먼지 농도가 저하되면서 주의보 해제,0
"런던 심포니 오케스트라, 일본 공연에 지연 우려 표명",0
기후 변화로 인한 날씨 변화로 전국에 한파 지속,0
수능 이후 관람객 증가로 오세권 관람료 인상 추진,0
일본어 학습 프로그램 주최 미술 전시회에서 우수 작품 선정,0
신간 출간 소식 속보: 조총 부적 발굴 소식,0
"주말 여행지 강원도, 단풍과 옥수수 풍년 기대",0
"화천 맛 축제 성리 13회, 2억 원 규모의 발굴 성과 발표",0
"서울 한성백제 박물관, 여름 콘서트를 여름에 개최 계획 발표",0
"SK 최정, 아치 홈런왕 3연패 지속",1
"박철우, OK저축은행 격퇴 후 3위로 상승",1
"FC 이중, 5승 연속 롯데 제압",1
"19 축구대표팀, 툴롱컵 1차전 패배 후 자신감 회복",1
"박김재, 142호 홈런으로 폭발",1
"풀츠, 필라델피아 복귀 후 1위 지속",1
"PAG, 5전 4승으로 독주",1
"바셀로나, 국왕컵 16강 진출 후 연속 4연패",1
"SK 최정, 아치 홈런왕 3연패 지속",1
"FC 이중, 5승 연속 롯데 제압",1
정치적 특검 후보자 선정 과정에 대한 공론화 필요성 대두,2
"과학 외교의 중요성 강조, 백두산 연구 협력 제안 확대",2
세종시장의 일자리 정책 발표에 따른 지역 경제 기대감 상승,2
다당제 합의제의 정치적 가치와 실현 가능성 논의,2
정당 간 연대와 협력이 필요한 시점인 가운데 LK 불참 종합,2
국제유가의 급등에 따른 소비자 부담 증가 우려,2
정치적 보복성 공세로 인한 정당 내 분열 심화,2
청와대의 정책 청취에 대한 국민의 반응 분석 및 평가,2
"김재수 해임 건의안 제출, 정당 내 갈등의 표면화",2
외교부의 송민순 회고록 논란에 대한 정부 대응의 모색,2
"정치 후원 금지 강화, 공정한 정보 환경 조성 필요",3
한유족 가족의 이중 말 대응에 시민들의 분노 증폭,3
고용 지원금 신청 시 오프라인에서 겪는 난관들,3
관훈클럽 사무국 신임 에장에 대한 지지와 비판이 교차,3
"차산업혁명위원회, 첫 회의에서 중점 정책 수립 추진",3
"시흥시, 7년 계획 기간 내 10만 일자리 창출 목표 설정",3
관광객을 대상으로 한 판매직원의 인격모독 행위에 대한 비난,3
뇌물 혐의에 대한 특검 수사 확대 추진,3
"거제도, 겨울 정비 기간 중 출입 제한 조치 재개 발표",3
"시민들의 불안 증폭, 정부의 정보 투명성 확보 필요성 인식 상승",3
자동차 안전 기술의 발전: 현대기아차의 2차 충돌 대비 에어백 기술 세계 최초로 인정받다,4
한진그룹 세대 교체 속 인사 조현아의 미흡한 인사명단 파문,5
"전 세계 주요 국가들, 대선 및 선거 감시 강화 추진",6
"멕시코 정부, 불법 이민 대책 평가 전 단계별 검토 실시",6
"터키 군사 작전 확대, 시리아 내 평화 유지를 위한 노력 지속",6
"필리핀 당국, 불법 수출 물품 복귀 프로젝트 지속 추진",6
"국제 연합, 실종자 대피 및 구조 활동 지속 지원",6
경제 위기 속에서 시민들이 거리에서 정권에 반대 목소리 높임,6
영국 내 정당 지도자 교체 후 보궐선거 패배에 직면,6
"남아프리카 공화국, 관광 산업 활성화를 위한 워크숍 개최",6
군부 정권이 권력을 장악한 후 수단 내 정치 상황 변화 주목,6
"미국 MBA 대학원 여성 학생 비율, 지속적인 상승 추세 보임",6
KT의 새로운 멤버십 프로그램 도입으로 소비자 혜택 확대 기대,0
만연산 숲에서 자연을 만끽할 수 있는 새로운 휴양 명소 발견,0
에메랄드 빛깔의 열대 정원이 관광객들 사이에서 인기를 끌고 있음,0
벚꽃 시즌에 맞춰 다양한 와인 브랜드가 봄 기운을 담은 제품을 선보임,0
아웃렛 할인 행사로 재고 상품의 판매가 활발해짐,0
클래식 음악의 세계로 초대하는 새로운 전용 홀 개장 소식,0
수능 이후 관람을 위한 오세 노관수험 대학생들을 위한 무료 이벤트 개최,0
송악산 선착장에서 바쁜 일상을 벗어나 힐링 타임을 즐길 수 있는 명소로 떠오름,0
월미도에 새 모노레일 건설이 추석을 앞두고 한창 진행 중임,0
추석 연휴 기간 동안 노인 복지 시설에 방문하는 관광객들 대상으로 무료 입장 이벤트 진행,0
"SK 최정, 시즌 후반기 홈런왕 타이틀 방어를 위한 도전 시작",1
풋볼 경기 중 심판의 판정에 대한 불만이 지속되고 있다,1
연속 9만 96번의 날씨 예보에서 '맑음'이 나온다,1
"경남 FC, 3년 만에 1부 리그 승리를 향한 굳은 의지 표명",1
"즐라탄의 무릎 부상으로 인해 시즌 아웃, 내년 1월까지 출전 불가",1
"박건우, 올스타 출전 불가로 대신 수광 선수가 선발됐다",1
대전시 야구장과 이글스파크 간의 야구장 경쟁 심화,1
"우리은행 여자농구단, 9승 1패로 1위 자리를 굳히다",1
메디 리그에서 김우재 IBK산업은행 본부장의 종아리 통증 문제 발생,1
"김희진 IBK산업은행 감독, 선수들의 건강 관리에 주의 당부",1
"정치적 갈등 속에서 한 국회의원, 1년간 원내대표 역할 수행",2
국회 본회의에서 중요한 정책 청원안 통과에 어려움 겪고 있음,2
정치권 내부 소통 강화를 위한 노력 지속됨,2
북한의 대외 활동에 대한 비난과 반격이 계속되고 있음,2
민간 연구기관의 논란에 대한 정부의 대응이 지속되고 있음,2
"대통령, 주요 국회의원과 긴밀히 소통하며 민심 청취에 힘쓰고 있음",2
주한미군 사령관과의 정례 경례를 통해 국방 정책에 대한 의지를 보여주고 있음,2
온라인 교육 플랫폼의 성장 속도 가속화,3
"자동차 제조업체들, 전기차 생산 확대에 힘쓰며 방역 규제 완화에 따른 생산량 증가 기대",3
"정부, 의료 연구 개발 지원을 위한 KIST와 협력 체결",3
"교사노조, 교육 환경 개선을 위한 교사 식사 지원 확대 추진",3
"7월 13-14일, 과학기술정보통신부 창립 50주년 기념행사 개최",3
"중소벤처기업부, 규제 완화와 자율성 확대를 위한 정책 분과 간담회 개최",3
지역 사회와 학교 간의 유대 강화를 위한 지역 기자회견 개최,3
"KIST 의학 분야 연구진, 신약 개발을 위한 리서치 캠프 개최",3
"충북과학고 학생들, 과학전람회 대통령상 수상 기염",3
코로나19로 인한 경제 위기 극복을 위한 고용안정지원금 오프라인 신청 첫날 현장 소식 전해,3
KT의 새로운 스마트 홈 서비스 '싱스틸러' 출시로 인한 시장 반응 예상,4
해외로밍 요금 인상에 대한 국민의 반발 속보,4
LG유플러스의 파손 보상 서비스 확대에 따른 소비자 만족도 상승,4
포켓볼 대회 '까롬'의 인기를 끌며 춘천 레저산업 활성화 기대,4
인공 광합성을 통한 화학 원료 대체 기술의 발전 동향,4
근육 조직 형성에 필수적 역할을 하는 새로운 생물학적 발견,4
텔레그램 대안 '갈래亞'의 사용자 기반 확대 속보,4
노트7 사고 이후 삼성의 50만대 판매 실적 분석,4
구글 홈의 AI 기능 활용이 늘어나고 있지만 서비스 개선의 필요성 제기,4
달 착륙 47년 만에 LG 우주인 아폴로 13호의 업적 기리기,4
"정부, 부동산 등기 간소화 법안 강행 추진",5
"뉴욕의 'os dingtu4 펀드', 주식시장에 신의 재산 투입",5
법정리 선현들의 연륜에 따른 주식 선주 손실 가중,5
증시 기초조건 하에서 베어링 운용의 위험요소 파악,5
5배 결론 주당 1원 분기 지급 계획 발표,5
노키아의 추억을 되새기며 49유로에 헐값 매도된 폰 부활,5
FTT 엔진 부품이 시장 6위에 올랐다,5
IC 카드 미전환 시 21일부터 결제 서비스 차단,5
5천만 달러 규모로 산업용 로봇에 대규모 수주 기록,5
"의료 진단기기 제1사, 일일 코스 상장 후 주가 급등",5
전 세계적으로 노바 코로나19 변이 바이러스 확산에 대한 우려 증가,6
미국과 카타르 간의 군사적 협력 강화로 이란에 대한 압박 전략 재조정,6
가족 중심의 전통적 가치에 대한 이탈리아 내 논란 심화,6
인도와 파키스탄 간의 긴장 고조에 따른 지역 안보 상황 악화,6
사우디아라비아와 유엔 사이의 지속적인 에너지 협력 강화,6
아랍권 내 반란 정상회의에서 이란에 대한 강력한 비난 표명,6
시베리아에서 겨울잠 중인 갈색곰의 죽음으로 인한 지역 사회 충격,6
"트럼프 행정부, 이란과의 무역 관계 개선에 대한 제재 완화 의지 표명",6
일본의 외교 정책 변화로 인한 미국과의 관계 재평가,6
"필리핀 정부, 불법 수출에 대한 강력한 단속 조치 시행",6
추상화 예술의 유고전 전시가 서울시립미술관에서 새롭게 시작됨,0
박웅과 진 탈출롯 간의 격렬한 경쟁 속에서 야구계에 새로운 동향이 나타나고 있다.,1
다승이 1위를 지키기 위해 옆구리 통증을 이겨내는 모습이 관중들의 관심을 끌고 있다.,1
"NC 출신 왕웨이중의 복귀 소식에 이어, 에인절스전에서 2이닝 무실점을 기록한 왕웨이중의 실력이 인정받고 있다.",1
"손흥민의 돌파력으로 토트넘의 승리를 이끌었으며, 맨체스터 유나이티드에 대한 EPL에서의 우위를 확고히 했다.",1
토마스 트리플더블로 시즌을 마감한 삼성생명 국민은행의 12연속 우승 기록이 주목받고 있다.,1
박철우의 26득점 폭발로 삼성화재가 OK저축은행을 누르고 3위로 상승했다.,1
다저스 로 감독의 탁월한 지도력으로 팀의 승률을 높이고 있다.,1
"닷컴 오타노의 이탈 후, 오승환이 그의 자리를 잘 메꾸고 있다.",1
베트 영항의 8런 4승으로 상위권을 달성하고 있다.,1
"북한의 김정은 지도자, 평양 정상회담 후 대외적 격리를 강화",2
"이탈리아 의회 크기 축소 반대 운동, 헌법재판소에 소송 제기",2
"문재인 대통령, 사망자 최소화 노력에 국민의 동참을 호소",2
"김문수 전 대통령, 2025 대선 출마 가능성에 관해 양호한 평가 받음",2
"북한의 김정은, 미·중 외교적 압박에 맞서 내부 통제 강화 추진",2
"정치적 청원 중복 참여 의혹, 카카오톡 임시 서비스 중단",2
남북 정상회담 후 북한의 외교 전략 변화 주목,2
"김정은 지도자의 대외적 격리 강화, 내부 통제 체계 확립 추진",2
"이탈리아 의회 크기 축소 반대 운동, 시민들의 헌법 정의 지지 속에 성장",2
"문재인 대통령의 안타까운 사연, 국민의 연대와 위로의 목소리 속에 담겨",2
KAIST 교수 오준호 등과학기술훈장 수상자 명단 발표,3
SKT 유콘 시스템과 드론 기업 간 협력 확대 속보,4
건설업계의 변화와 발전을 이끌던 박창규 전 롯데건설 사장의 사망 소식이 전해졌습니다.,5
정부의 소폭 전환 정책 방향 조정에 따른 경기 하강 방어에 대한 긍정적인 반응이 나타나고 있습니다.,5
해운업체들의 위기용료 인하 합병 움직임이 활발해지면서 시장 내 규제의 필요성이 논의되고 있습니다.,5
엔씨소프트가 미래에셋대우와의 제휴를 통해 매출 1위를 굳건히 지키고 있는 모습이 관찰되고 있습니다.,5
내년 LH 예산에 2만1천 가구의 전세 임대 주택 공급 확대가 포함되어 있습니다.,5
YG 엔터테인먼트의 자회사인 Palm Palm NT가 최근 정박 문제에 직면해 있습니다.,5
DB 금융 팩을 중심으로 한 10반도 4비업 네온크의 흡수 병합 소식이 전해졌습니다.,5
"중국의 e커머스 기업 알리바바가 홍콩 증권거래소에 상장 승인을 받았고, 25일 정식 거래를 시작할 예정입니다.",5
손경회와 즈베크완 간의 협력 방안에,5
태국에서 경찰에 의한 승려들의 돈세탁 사건이 연이어 발생,6
아시아의 여러 국가들에서 4대사관 건설 추진에 따른 주택 문제가 심각해짐,6
미국과 러시아 간 외교 갈등이 고조되면서 국제사회에 불안감 심어주고 있음,6
"일본의 아베 총리, 개헌 논의에 대한 국민 여론 조사 전개로 정치적 압박 받고 있음",6
인도네시아에서 구마 지급에 따른 농촌 지역의 화재 사고로 인한 희생자가 발생,6
이집트에서 성폭행 시도 중 살해된 15세 소녀 사건에 대한 처벌 논란이 불거짐,6
"필리핀, 불법 수출로 인한 쓰레기 문제 해결을 위해 나다산 쓰레기 되돌아감",6
이라크에서 반정부 시위로 인한 사망자 수가 40명 이상으로 급증함,6
아시아 여러 나라에서 불사풍대 문화로 인한 시민의 불안감 증대,6
한 국가의 외교 정책 결정에 따른 양국 간 관계가 악화되는 사례가 증가함,6
"국내 여름 축제들, 무더위 탈출을 위한 대중 매력 강화 추세",0
"강원도 해변, 피서객 유치 위한 개장 확대 속보",0
"국내 시인 로마재단, 국제 시상식에서 우수 작품 선정",0
"열대우림 속 숨겨진 보물 '끄라비 에메랄드', 관광지로 부상",0
"한류 스타 ER이, 신작 '림'으로 글로벌 시청자들에게 다가감",0
"작가 산나, 신간 8권으로 '마지막 대륙' 서사 완성",0
"전통 무용가 최정윤, 대통령상을 획득한 뒤 이어 노벨 꿈 키움",0
"역사 속 보물 '모스크바 스레텐스키 수도원 합창단', 한국 공연 620년 만에 첫 방문",0
"충북 지역, 전통 농업 문화 체험을 통한 관광 산업 확대 속보",0
"백두산과 한라산의 아름다운 가을 풍경, 관광객들의 눈길 사로잡음",0
성현대 모빌리티의 주식 가격이 급등하며 주목받는 중,1
"류현진 투수의 시범경기 마지막 날, 선발 출전 확률 높아",1
"대전의 야구장 건설 경쟁, 이글스파크와 다른 구단들의 투자 유망",1
염기훈 선수의 근부상 회복 속도가 빠르며 멀티골 기대감 상승,1
"박민 골퍼가 UWS 펀드 1차 투자 성공, 스포츠 경력 빛나",1
전남 T&G의 98점이지만 4점 차로 승리,1
"우리은행 여자농구팀, 아시안게임 1위로 한국 기록 갱신",1
"러시아 배구 대표팀 감독, UN 리더십 강조하며 병기 투입 의지 표명",1
류현진 홈런으로 팀 득점에 크게 기여,1
"한국 남자농구팀, 아시안게임 2연패 도전에서 이란에 패배 겪음",1
"한국 정치계, 상임 위원회 갈등으로 난항에 부딪힘",2
"박 대통령, 국회 법안 통과를 위해 노력 중",2
"서울시장 선거, 안철수와 김문수의 경쟁이 뜨거워짐",2
"북한, 특별 중6방송으로 시민들을 호소",2
"박 대통령, 부모를 잃은 나의 아픔을 설명하며 사드 배치에 호소",2
"안희정 전 대표, 김재과 김문수 전 출마에 대해 긍정적 평가",2
"새누리당 내부 갈등, 상임 위원회에서의 폭발로 인해 위기 상황",2
"민주당, 성희롱 의혹에 연루된 AZ 추방 요구",2
한정도의 정치적 혼란 속에서 선거구 경쟁이 치열해짐,2
"한국 정치계, 과거의 문제들로 인해 현재에 난관에 부딪히고 있음",2
한국 내 성객 관광객 증가 속도 가속화,3
"한국 정부, 미취학 아동 가정에 경제적 지원 확대",3
"학교 급식 메뉴 개선 추진, 학생들의 영양 섭취 증진 기대",3
대학 입시 시험장 내부 보안 강화 조치 시행,3
"청년층 디지털 일자리 창출 계획, 민간 부진에 따른 재조정 필요",3
부산 지역 고3 확진자 발생으로 등교 수업 조정 속보,3
초등학생의 가정 내 학습 환경 개선에 대한 교육청의 노력,3
"한국 교육부, 식단 개선을 위한 육아 교육 강화 추진",3
"개인 정보 보호를 위한 위치 정보 관리 방안, 정부 주도의 사업 계획 발표",3
"전국 초등학교 대다수, 안전한 학습 환경 조성에 힘쓰는 중",3
AI 기반의 음성 대화 로봇 개발에 대한 글로벌 시장 동향 분석,4
네이버뮤직의 폐쇄로 인한 음악 스트리밍 시장 동향 변화 전망,5
삼성전자의 주총 후 기업 전략의 미래 방향 예측,5
대신증권의 신IXE 신상품 출시 후 시장 반응 분석,5
코스피 지수 상승세가 지속될 경우 투자자들의 기대감 상승 전망,5
거래소 ELS의 상장 안정성 강화를 위한 제도적 개선 방안 제시,5
DB금융팩10의 네온크 흡수 후 기업 실적 전망,5
토스의 YH다제 카드 출시로 금융시장 경쟁력 확대 전망,5
한국MS의 윈도10 에디션 출시로 PC 시장 점유율 상승 전망,5
SKT의 통신비 신용등급 반영으로 인한 재무 건전성 향상 전망,5
미래에셋의 GS건설 투자 대상으로 내년 영업익 상승 기대감 분석,5
한반도 정세에 대한 중국인의 시각이 사진 앱을 통해 드러나고 있다.,6
"아리랑2의 음악회가 주목받는 가운데, 다가오는 공연 일정이 발표됐다.",0
"장마로 인한 비 오는 날, 사람들은 해변으로 대거 몰려든다.",0
과학관에서 몸가짐클리 스트어린이날 행사를 성공적으로 개최했다.,0
아리랑2의 두 번째 공연이 곧 열릴 예정임을 알렸다.,0
롯데백화점이 결혼을 기념하는 '퍼펙트웨딩' 이벤트를 진행 중이다.,0
소설가 백민석의 작품 속에 담긴 쿠바 사람들의 삶을 담아낸 사진전이 열린다.,0
기상청은 7설을 맞이해 0%의 강수 확률을 예상한다.,0
중부 지방에 장마 영향권이 21일부터 들어오고 20일까지 이어질 것으로 보인다.,0
권익을 지키기 위한 사연보 공모가 전국적으로 개최된다.,0
불확실한 상황 속에서도 앞으로 나아갈 수 있는 우리의 내면 힘을 발견할 수 있는 기회가 마련된다.,0
"류현진, MLB에서의 새로운 도전과 성장의 기회",1
"김우재 IBK기업은행, 감독의 건강 관리에 주력",1
포르투갈 축구 심판들의 불만과 파업 예고,1
"NBA 서부 콘퍼런스 결승, 골든스테이트와 휴스턴 맞대결",1
MLB 전략 전문가 바비 콕스의 최근 분석과 예측,1
홈런의 역할 변화와 MLB 징계 정책의 영향,1
"류현진의 불펜 투구 변화, 콜로라도전 전망",1
"IT 결승전에서 승리한 RK, 전반기 우승 확정",1
"ALCS에서 양키스와의 치열한 경쟁, MLB 역사 속으로",1
"차범근과 나히 손민, 역사적 순간을 향한 새로운 도전",1
"남북 관계 개선을 위한 대화의 장 마련, 긴장 완화 노력 필요",2
"대통령의 안타까운 마음, 국민 안전과 생명 보존을 위한 대책 강구",2
"세종시의 일자리 창출 계획 발표, 경제 활력 회복을 위한 노력",2
"국민과의 소통 강화를 위한 대통령의 방한, 지속 가능한 발전을 위한 대화",2
"국제 시장에서의 곡물 가격 하락 기대감, 농업 경영에 긍정적 영향 기대",2
북한의 핵 무기 개발에 대한 국제사회의 우려 증폭,2
북한의 산업 발전을 위한 인프라 구축 속도전,2
"진표 민주당의 전북 지역 회의, 지역 사회 발전을 위한 정책 논의",2
"사이버공격에 대한 대비 강화 필요, 테러 위협에 대응하기 위한 노력",2
남북 간의 경제 교류 활성화를 위한 새로운 방안 모색,2
정부 지원금 대상 확대에 따른 사회적 영향 분석,3
탈북민 교육 프로그램의 성과와 미래 전망,3
LGU의 문화예술 지원 정책 평가와 효과성 검토,3
고고학적 발굴 현장의 역사적 가치 파악,3
세계무역기구의 역할과 한국의 무역정책에 미치는 영향,3
경제 교육 콘텐츠의 창의성과 대중성 고찰,3
반도체 산업의 경쟁력 강화를 위한 법적 제도 개선 제안,3
인천·춘천시의 경제 발전을 이끈 중소기업의 사례 연구,3
관광객 보호를 위한 사이버 보안 강화 방안 마련,3
한국의 방송 산업 발전을 위한 새로운 전략 수립,3
"스마트폰 액세서리 시장, 업그레이드 트렌드에 힘입어 성장",4
"불법 보관으로 인한 종합오쿠보 증가, 정부의 대응 필요성 제기",4
"페이스북 뉴스피드 알고리즘 개선, 낚시 기사의 부정적 영향 완화 추진",4
"네이 데이센터 본선 진출 기회, 91개 시설 중 0개 선정에 실망",4
바이오산업의 성장 동력 확보를 위한 투자와 성과 균형 추구 필요,4
"로봇드론 기술 활용, 새로운 퍼포먼스 영역 개척 기대",4
"폴더블폰 시장 경쟁, 삼성과 애플 간 전략적 대결 전망",4
"제조 및 ICT 산업, AI와의 융합을 통한 차별화 전략 강조",4
"네이버 파고 오프라인 역할 강화, 지역 사회와의 밀착된 협력 추진",4
"원숭이 종 간의 사회적 상호작용 연구, 이성과 경연의 중요성 인식",4
중소기업의 부정적 건비 증가가 경제에 미치는 영향 분석,5
동아시아 지역 내 와하비즘 확산에 대한 우려가 커지고 있다.,6
최근 미국에서는 성인 6명 중 1명이 배우자와의 빚을 떠안는 사례가 보고되었다.,6
공격적인 언론의 보도로 탄핵 가능성이 높아진 브라질 대통령의 상황이 주목받고 있다.,6
"친환경을 위한 노력의 일환으로, 베트남의 한 마트에서 비닐봉지 대신 바나나잎을 사용하는 실험이 진행 중이다.",6
국제사회는 북한의 위협에 대한 방어 체계 강화에 주력하고 있다.,6
한 남편이 과도한 애정을 보이며 여성의 숨을 막을 정도로 행동한 사례가 UAE에서 이혼 청구의 원인이 되었다.,6
"아시아 4개국(중국, 일본, 한국, 동남아시아 1국)이 제의한 인제공반 비상 대응 방안이 논의 중이다.",6
초등학교 3학년을 가르친 한 교사의 경험담이 인기를 끌고 있다.,6
IT 기업들이 자체 AI 플랫폼 구축에 적극 나서고 있다.,6
스마트 홈 기기들이 시장 점유율을 높이는데 기여하고 있다.,6
오존주의보 발령 지역에 주민들의 건강 관리 방법에 대한 안내 강화 필요,0
공공장소에서 흡연 금지 정책의 효과성 검토를 위한 연구 필요,0
미세먼지 농도가 높아짐에 따라 개인용 공기청정기 판매량 급증,0
기후변화에 따른 극한 날씨 발생 빈도 증가 추세 예상,0
전통문화 체험 관광지 인기 상승 추세 지속될 전망,0
육식 동물 소비 감소 추세 속에서 식물성 대체식품 시장 성장 기대,0
관광객들의 지역 방문 패턴 분석을 통한 관광 인프라 개선 필요성 대두,0
공공기관의 디지털화 추진 속도가 빠르게 가속화될 전망,0
사회적 거리두기 지침 준수율 향상을 위한 교육 캠페인 실시 필요,0
자연재해 예방을 위한 지역사회 기반 위기 대응 체계 구축 필요성 강조,0
프로농구에서 GS칼텍스의 승리로 1라운드 우승 확정,1
축구 팬들의 수집 열풍: 축구장에서 벗어난 골키퍼의 비밀 창고,1
MLB 텍사스의 담마저 타구 실패로 외야에 부상 발생,1
"아로마시티의 677골, 28년 만에 TL 기록 세우다",1
"남북일농경기대회, 내일 북한 방문을 앞두다",1
"최지만, 3타수 무안타로 타율 0.257 기록",1
"류현진 FA 랭킹 7위, 시즌 막판 부진으로 의문 증폭",1
"프로농구 GS칼텍스, 3연속 우승으로 역대 기록 달성",1
"축구 팬들의 열정 수집품, 골키퍼의 창고 비밀 공개",1
"텍사스의 담마저, 타구 실패로 외야 부상 발생의 원인 분석",1
한국의 상공업 발전 속도에 대한 국제적 관심 증가,2
프랑스 대사관 내부의 정치적 갈등과 외교적 도전,2
헌법 재판소에 의석 감축에 반대하는 청원들이 쏟아진다,2
민주주의를 지키기 위한 한국당의 헌정 질서 회복 노력,2
북한의 로켓 발사 성공에 대한 국제사회의 반응,2
전직 정당 지도부의 선거권 박탈 소식에 대한 여론 분분,2
정치적 이슈에 대한 시민들의 헌법적 권리 강조,2
정부와 야당 간의 경제 정책 협상 난항 속에서,2
외교적 위기 속에서 부겸 장관의 헌장 서명 의지 표명,2
정치적 분열 속에서 한국의 민주주의 정체성 탐색,2
SKT의 '케어독거노인 서비스'가 GSMA에서 우수사례로 선정됨에 따른 사회적 영향 분석,3
LG U+ 5주파수 결합 기술의 성공적 현장 테스트로 스마트 홈 시장 진출 기대감 상승,4
"LH 아파트 스마트홈 구축 계획 속도감 가속화, 시민들의 편의성 증진 기대",4
"인공지능과 인간의 대결, 문제 해결 능력의 새로운 패러다임 제시",4
"미래부의 빅데이터 연구개발 심포지엄, 산업 발전의 지평 넓히기",4
"카카오페이의 학원비 결제 서비스, 교육비 부담 완화에 기여",4
"삼성 빅스 개발자 대회, 혁신적 기술 개발을 위한 활발한 토론 장 마련",4
"LG 전사의 아폴로 13호 선장 역할, 우주 탐사에 대한 열정 재확인",4
"7월에만 18만 번의 낙뢰가 내리는 한국, 자연재해 대비 시스템 강화 필요",4
"KT와 연세대의 상용망 기반 탐구 플랫폼, 미래 지식의 창출을 위한 노력",4
"빅데이터 시대에 맞춘 교육의 필요성, 디지털 리터러시 강화의 중요성 인식 상승",4
"부동산 시장, 전월세 상한제 적용 시 고려할 점 다수 제기",5
"제조업 경기 지수, 역대 최악 수준에 달할 전망",5
"해운료 인하 합병, 시장 규제의 불가피성 논의 중",5
"외국인 투자자, 코스피 주식 매도 압력 지속",5
"흥국운용, 중순위 계수 금융펀드 1호 설립 완료 발표",5
"유라시아 연합회, 상품 교환 합의에 이르다",5
"코스피, 복합 상승세 지속 속 2100선 영업 마감",5
"예술 전시회 '우리 가 사랑한 작가들', 부산에서 개최",5
"수출 감소 추세, 전월 대비 감소폭 둔화 속보",5
"경제 전망 회복 기대감, 부동산 시장 반등 전망도 제기",5
전통적 가치와 가족 모델에 대한 회의적 시각이 강조되는 이탈리아의 시민사회 활동들,6
남중국해 지역에서 미국과 중국 간의 군사적 긴장감 상승에 대한 국제사회의 우려,6
SK텔레콤이 주최한 AI 콘퍼런스 2019에서 인공지능 기술의 미래 전망을 논의,6
이란 내 반정부 시위가 9위에 달하는 7개 주에서 주모자 771명이 체포됨,6
영국의 보궐선거에서 존슨 총리의 정당이 패배함에 따른 정치적 타격,6
이집트 대통령이 미 방송을 통해 이스라엘과의 군사적 협력을 공식 인정함,6
유엔의 특별 조사단체 UT유엔 테가 북한의 핵무기 프로그램에 대한 증거를 공개,6
허니문 난이 지속됨에 따른 사회적 불안 증대,6
브라질의 언론계가 대통령 탄핵 가능성에 대해 논의 중,6
미국과 중국 간의 치료제 개발 경쟁에서 미국이 3번째로 본격적인 치료제를 개발 성공,6
"1928년 정동 아트센터 개관 전시회, 서예와 회화 작품 전시",0
"알함브라 궁전의 추억을 담은 무삭제 대본집, 예약 판매 시작",0
"충북 지역 장마 영향, 내일까지 50-100mm 비 예상",0
남부 제주도 밤에 장마 비 소식,0
"3개의 문상에 2개의 해가 있는 화길, 기후 변화의 징후?",0
"더위가 식힌 장맛비, 시민들에 신선한 기운 전달",0
"충북 지역, 장마 전선 영향으로 내일까지 주의보 발령",0
"미세먼지 주의보도 3시간 만에 해제, 시민들 편안한 숨 쉬임",0
"제주도 남부, 밤에 내리는 장마 비로 인한 침수 위험",0
"문학의 즐거움을 찾아 헤매는 시민들, 3문지 문간에 모여들다",0
올림픽 종목별 최종 주자들의 성질 논란 속에 대회가 진행된다.,1
"아시안게임 여자 축구 대표팀, 인도네시아와의 경기에서 승리를 거두다.",1
KBO 리그 발전을 위한 윈터 미팅이 29-30일에 개최된다.,1
"류현진, 100번째 등판에서 부상 악화로 자진 강판.",1
"최지만, 시즌 첫 3루타를 기록하며 팀에 기여한다.",1
"개막전 선발 후보인 류현진, 22일 시범경기에서 마지막 점검을 받는다.",1
MLB 워싱턴 감독이 전력전을 선언하며 스트라스버그도 불펜 대기.,1
"대결 간발 SI 켈리, 두산 용찬을 선발한다.",1
"YA 외삼총이 TB5할 승률 9명들, 야구 팬들의 관심을 끈다.",1
"LL 스턴 잭 레인키, MWS 우승 후 8위로 순위 상승.",1
북미 관계 개선에 대한 대화가 계속되고 있음,2
북한의 위성 발사에 대한 국제사회의 관심 증폭,2
미국과 한미 간의 군사적 협력 강화 추진,2
북한의 탈북민 요구에 대한 국제사회의 반응 모아짐,2
한미 정상회담의 연기 여부에 대한 논의가 계속됨,2
북한의 핵 문제 해결을 위한 국제적 노력 지속,2
한미 연합군사훈련의 중요성 강조,2
북한의 위협에 대응하기 위한 한미 군사력 강화 추진,2
한미 관계의 긴밀한 협력으로 북한의 위협에 대응할 것,2
북한의 핵 문제 해결을 위한 국제사회와의 협력 강조,2
"한국 정부, ETRI 인공 지능 연구소 강화에 힘쓰나",3
"건설업계 부실 관리 개선안, 사망선고 철회 요구가 높아",3
"해외취업 기회 확대, 정부 주도의 화상 면접 주간 행사 개최",3
"전남도의회, 누리예산 추경 심의 지연에 시민단체 반발",3
중소기업의 제품 간접 광고 지원 확대 추진,3
유커와 일본 관광객을 위한 바가지 요금 단속 강화,3
"한국 임금 인상 추세, 1인 가구 증가에 따른 영향 주목",3
5월 경찰 단속으로 유커와 일본 관광객 피해 감소,3
"여성 재택근무 증가, 업무 효율성 향상 기대감 상승",3
"식당 3개 간의 김 상가 점 6개 태우기 사태, 소비자 불만 증가 우려",3
5G 네트워크 확대에 따른 솔솔 알뜰폰 기대감 상승,4
"국내 투자자들, 증권사 일임형 ISA 도입에 긍정적 반응 보임",5
中 관영 언론의 홍콩 시위 지지에 대한 국제적 반응,6
"경희궁 옛 사7 전시관, 100년 전 놀이판 속 박물관 확장 기획",0
